Escherichia coli bacteriophage T5 (ATCC 11303-B5),$235.00,$199.75,NA,T5,T5,1,freeze-dried,ATCC  129: Nutrient agar/stabs/broth with 0.5% NaCl,"Temperature: 37Celsius 
Atmosphere: Aerobic",Frozen: -80Celsius  or colderFreeze-Dried: 2Celsius  to 8Celsius Live Culture: See Propagation Section,NA,NA,NA,https://www.atcc.org/~/ps/11303-B5.ashx
Staphylococcus aureus subsp. aureus bacteriophage 75 (ATCC 27698-B1),$235.00,$199.75,NA,75,75,1,freeze-dried,ATCC  1831: Nutrient Broth/Agar w/ 400ug/ml Calcium Chloride,Temperature: 37Celsius Atmosphere: Aerobic,Store filtrate at 4Celsius .  Storage at 20Celsius  may cause inactivation of the phage.,NA,NA,NA,https://www.atcc.org/~/ps/27698-B1.ashx
Staphylococcus aureus subsp. aureus bacteriophage 55 (ATCC 27696-B1),$235.00,$199.75,NA,55,55,1,freeze-dried,ATCC  1831: Nutrient Broth/Agar w/ 400ug/ml Calcium Chloride,Temperature: 37Celsius Atmosphere: Aerobic,Store filtrate at 4Celsius . Storage at 20Celsius  may cause inactivation of the phage.,NA,NA,NA,https://www.atcc.org/~/ps/27696-B1.ashx
Escherichia coli bacteriophage phi V-1 (ATCC 15597-B2),$402.00,$341.70,NA,phi V-1,phi V-1,1,freeze-dried,ATCC  271: Escherichia medium,"Temperature: 37Celsius Atmosphere: 

Aerobic",Frozen: -80Celsius  or colderFreeze-Dried: 2Celsius  to   8Celsius Live Culture: See Propagation Section,NA,NA,Characterization,https://www.atcc.org/~/ps/15597-B2.ashx
Pseudomonas aeruginosa bacteriophage Lindberg 73 (ATCC BAA-83-B1),$550.00,$467.50,NA,SD1,HER-8 [73Lindberg],1,freeze-dried,ATCC  18: Trypticase Soy Agar/Broth,Temperature: 37Celsius Atmosphere: Aerobic,Frozen: -80Celsius  or colderFreeze-Dried: 2Celsius  to 8Celsius Live Culture: See Propagation Section,NA,NA,NA,https://www.atcc.org/~/ps/BAA-83-B1.ashx
Pseudomonas aeruginosa bacteriophage Lindberg 68 (ATCC BAA-82-B1),$550.00,$467.50,NA,phiKZ,HER-7 [68Lindberg],1,freeze-dried,ATCC  18: Trypticase Soy Agar/Broth,Temperature: 37Celsius Atmosphere: Aerobic,Frozen: -80Celsius  or colderFreeze-Dried: 2Celsius  to 8Celsius Live Culture: See Propagation Section,NA,NA,NA,https://www.atcc.org/~/ps/BAA-82-B1.ashx
Pseudomonas aeruginosa bacteriophage Lindberg 31 (ATCC BAA-81-B2),$550.00,$467.50,NA,gh-1,HER-5 [31Lindberg],1,freeze-dried,ATCC  18: Trypticase Soy Agar/Broth,Temperature: 37Celsius Atmosphere: Aerobic,Frozen: -80Celsius  or colderFreeze-Dried: 2Celsius  to 8Celsius Live Culture: See Propagation Section,NA,NA,NA,https://www.atcc.org/~/ps/BAA-81-B2.ashx
Pseudomonas aeruginosa bacteriophage Lindberg 24 (ATCC BAA-79-B1),$550.00,$467.50,NA,Li-24,HER-4 [24Lindberg],1,freeze-dried,ATCC  18: Trypticase Soy Agar/Broth,"Temperature: 37Celsius 
Atmosphere: Aerobic",Frozen: -80Celsius  or colderFreeze-Dried: 2Celsius  to 8Celsius Live Culture: See Propagation Section,NA,NA,NA,https://www.atcc.org/~/ps/BAA-79-B1.ashx
Pseudomonas aeruginosa bacteriophage Lindberg M4 (ATCC BAA-30-B1),$550.00,$467.50,NA,Li-24,HER-16 [M4 Lindberg],1,freeze-dried,ATCC  18: Trypticase Soy Agar/Broth,Temperature: 37.0Celsius Atmosphere: Aerobic,NA,NA,NA,NA,https://www.atcc.org/~/ps/BAA-30-B1.ashx
Pseudomonas aeruginosa bacteriophage Lindberg M7 (ATCC BAA-29-B1),$550.00,$467.50,NA,SD1,HER-9 [F7Lindberg],1,freeze-dried,ATCC  18: Trypticase Soy Agar/Broth,Temperature: 37.0Celsius Atmosphere: Aerobic,NA,NA,NA,NA,https://www.atcc.org/~/ps/BAA-29-B1.ashx
Escherichia coli bacteriophage T5 (ATCC 11303-B5),$235.00,$199.75,NA,T5,T5,1,freeze-dried,ATCC  129: Nutrient agar/stabs/broth with 0.5% NaCl,"Temperature: 37Celsius 
Atmosphere: Aerobic",Frozen: -80Celsius  or colderFreeze-Dried: 2Celsius  to 8Celsius Live Culture: See Propagation Section,NA,NA,NA,https://www.atcc.org/~/ps/11303-B5.ashx
Staphylococcus aureus subsp. aureus bacteriophage 75 (ATCC 27698-B1),$235.00,$199.75,NA,75,75,1,freeze-dried,ATCC  1831: Nutrient Broth/Agar w/ 400ug/ml Calcium Chloride,Temperature: 37Celsius Atmosphere: Aerobic,Store filtrate at 4Celsius .  Storage at 20Celsius  may cause inactivation of the phage.,NA,NA,NA,https://www.atcc.org/~/ps/27698-B1.ashx
Staphylococcus aureus subsp. aureus bacteriophage 55 (ATCC 27696-B1),$235.00,$199.75,NA,55,55,1,freeze-dried,ATCC  1831: Nutrient Broth/Agar w/ 400ug/ml Calcium Chloride,Temperature: 37Celsius Atmosphere: Aerobic,Store filtrate at 4Celsius . Storage at 20Celsius  may cause inactivation of the phage.,NA,NA,NA,https://www.atcc.org/~/ps/27696-B1.ashx
Escherichia coli bacteriophage phi V-1 (ATCC 15597-B2),$402.00,$341.70,NA,phi V-1,phi V-1,1,freeze-dried,ATCC  271: Escherichia medium,"Temperature: 37Celsius Atmosphere: 

Aerobic",Frozen: -80Celsius  or colderFreeze-Dried: 2Celsius  to   8Celsius Live Culture: See Propagation Section,NA,NA,Characterization,https://www.atcc.org/~/ps/15597-B2.ashx
Pseudomonas aeruginosa bacteriophage Lindberg 73 (ATCC BAA-83-B1),$550.00,$467.50,NA,SD1,HER-8 [73Lindberg],1,freeze-dried,ATCC  18: Trypticase Soy Agar/Broth,Temperature: 37Celsius Atmosphere: Aerobic,Frozen: -80Celsius  or colderFreeze-Dried: 2Celsius  to 8Celsius Live Culture: See Propagation Section,NA,NA,NA,https://www.atcc.org/~/ps/BAA-83-B1.ashx
Pseudomonas aeruginosa bacteriophage Lindberg 68 (ATCC BAA-82-B1),$550.00,$467.50,NA,phiKZ,HER-7 [68Lindberg],1,freeze-dried,ATCC  18: Trypticase Soy Agar/Broth,Temperature: 37Celsius Atmosphere: Aerobic,Frozen: -80Celsius  or colderFreeze-Dried: 2Celsius  to 8Celsius Live Culture: See Propagation Section,NA,NA,NA,https://www.atcc.org/~/ps/BAA-82-B1.ashx
Pseudomonas aeruginosa bacteriophage Lindberg 31 (ATCC BAA-81-B2),$550.00,$467.50,NA,gh-1,HER-5 [31Lindberg],1,freeze-dried,ATCC  18: Trypticase Soy Agar/Broth,Temperature: 37Celsius Atmosphere: Aerobic,Frozen: -80Celsius  or colderFreeze-Dried: 2Celsius  to 8Celsius Live Culture: See Propagation Section,NA,NA,NA,https://www.atcc.org/~/ps/BAA-81-B2.ashx
Pseudomonas aeruginosa bacteriophage Lindberg 24 (ATCC BAA-79-B1),$550.00,$467.50,NA,Li-24,HER-4 [24Lindberg],1,freeze-dried,ATCC  18: Trypticase Soy Agar/Broth,"Temperature: 37Celsius 
Atmosphere: Aerobic",Frozen: -80Celsius  or colderFreeze-Dried: 2Celsius  to 8Celsius Live Culture: See Propagation Section,NA,NA,NA,https://www.atcc.org/~/ps/BAA-79-B1.ashx
Pseudomonas aeruginosa bacteriophage Lindberg M4 (ATCC BAA-30-B1),$550.00,$467.50,NA,Li-24,HER-16 [M4 Lindberg],1,freeze-dried,ATCC  18: Trypticase Soy Agar/Broth,Temperature: 37.0Celsius Atmosphere: Aerobic,NA,NA,NA,NA,https://www.atcc.org/~/ps/BAA-30-B1.ashx
Pseudomonas aeruginosa bacteriophage Lindberg M7 (ATCC BAA-29-B1),$550.00,$467.50,NA,SD1,HER-9 [F7Lindberg],1,freeze-dried,ATCC  18: Trypticase Soy Agar/Broth,Temperature: 37.0Celsius Atmosphere: Aerobic,NA,NA,NA,NA,https://www.atcc.org/~/ps/BAA-29-B1.ashx
Pseudomonas aeruginosa bacteriophage Lindberg F8 (ATCC BAA-28-B1),$550.00,$467.50,NA,PB-1,HER-10 [F8Lindberg],1,freeze-dried,ATCC  18: Trypticase Soy Agar/Broth,Temperature: 37.0Celsius Atmosphere: Aerobic,NA,NA,NA,NA,https://www.atcc.org/~/ps/BAA-28-B1.ashx
Pseudomonas aeruginosa bacteriophage Lindberg 7 (ATCC BAA-26-B1),$550.00,$467.50,NA,Li-2,HER-1 [7Lindberg],1,freeze-dried,ATCC  18: Trypticase Soy Agar/Broth,Temperature: 37.0Celsius,NA,NA,NA,NA,https://www.atcc.org/~/ps/BAA-26-B1.ashx
Salmonella enterica subsp. enterica bacteriophage Chi (ATCC 9842-B1),$550.00,$467.50,NA,chi,Chi,1,freeze-dried,NA,NA,NA,NA,NA,NA,https://www.atcc.org/~/ps/9842-B1.ashx
Salmonella enterica subsp. enterica serovar Typhimurium bacteriophage P22 strain R34 (ATCC 97541),$550.00,$467.50,NA,NA,r34,1,freeze-dried,"ATCC  1065: LB Agar/Broth, Miller",Temperature: 37.0Celsius,NA,NA,NA,Potential bacteremia therapeutic agentThis is one of six bacteriophage strains deposited at the ATCC (97537-97539 are lambda strains and 97540-97542 are P22 strains) that remain in the mouse circulatory system for long periods of time. They are potential therapeutic agents for bacteremias.,https://www.atcc.org/~/ps/97541.ashx
Escherichia coli bacteriophage Lambda Argo1 (ATCC 97539),$550.00,$467.50,NA,NA,Argo1,1,frozen,"ATCC  1065: LB Agar/Broth, Miller",Temperature: 37Celsius Atmosphere: Aerobic,Frozen: -80Celsius  or colderFreeze-Dried: 2Celsius  to 8Celsius Live Culture: See Propagation Section,NA,NA,"Potential bacteremia therapeutic agent
This is one of six bacteriophage strains deposited at the ATCC (ATCC 97537-97539 are lambda strains and ATCC 97540-97542 are P22 strains) that remain in the mouse circulatory system for long periods of time. They are potential therapeutic agents for bacteremias.",https://www.atcc.org/~/ps/97539.ashx
Escherichia coli bacteriophage Lambda Argo2 (ATCC 97538),$550.00,$467.50,NA,NA,Argo2,1,freeze-dried,"ATCC  1065: LB Agar/Broth, Miller",Temperature: 37Celsius Atmosphere: Aerobic,Frozen: -80Celsius  or colderFreeze-Dried: 2Celsius  to 8Celsius Live Culture: See Propagation Section,NA,NA,"Potential bacteremia therapeutic agent
This is one of six bacteriophage strains deposited at the ATCC (ATCC 97537-97539 are lambda strains and ATCC 97540-97542 are P22 strains) that remain in the mouse circulatory system for long periods of time. They are potential therapeutic agents for bacteremias.",https://www.atcc.org/~/ps/97538.ashx
Escherichia coli bacteriophage Lambda W60 (ATCC 97537),$402.00,$341.70,NA,NA,LambdaW60 [W60],1,freeze-dried,"ATCC  1065: LB Agar/Broth, Miller",Temperature: 37Celsius Atmosphere: Aerobic,Frozen: -80Celsius  or colderFreeze-Dried: 2Celsius  to 8Celsius Live Culture: See Propagation Section,NA,NA,"Potential bacteremia therapeutic agent
This is one of six bacteriophage strains deposited at the ATCC (ATCC 97537-97539 are lambda strains and ATCC 97540-97542 are P22 strains) that remain in the mouse circulatory system for long periods of time. They are potential therapeutic agents for bacteremias.",https://www.atcc.org/~/ps/97537.ashx
Delftia acidovorans bacteriophage phi W-14 (ATCC 9355-B1),$550.00,$467.50,NA,phi W-14,Phi W-14,1,freeze-dried,ATCC  1211: CAAM-Tris,"Temperature: 30Celsius 
Atmosphere: Aerobic",2Celsius  to 8Celsius,NA,NA,Induces hydroxymethyldeoxyuridine triphosphate production in hostCharacterization,https://www.atcc.org/~/ps/9355-B1.ashx
Escherichia coli bacteriophage C36 (ATCC 8677-B1),"For-Profit:
$235.00",,NA,C36,C36,1,freeze-dried,NA,NA,NA,NA,NA,NA,https://www.atcc.org/~/ps/8677-B1.ashx
Clostridium sporogenes bacteriophage F1 (ATCC 8074-B1),$550.00,$467.50,NA,F1,F1,1,NA,NA,NA,NA,NA,NA,NA,https://www.atcc.org/~/ps/8074-B1.ashx
Bacillus cereus bacteriophage NRS 201 (ATCC 7064-B1),$550.00,$467.50,NA,NRS 201,NRS 201,1,freeze-dried,NA,NA,NA,NA,NA,NA,https://www.atcc.org/~/ps/7064-B1.ashx
Bacillus megaterium bacteriophage 239 (ATCC 7056-B1),$550.00,$467.50,NA,239,239,1,freeze-dried,NA,NA,NA,NA,NA,NA,https://www.atcc.org/~/ps/7056-B1.ashx
Bacillus pumilus bacteriophage 236 (ATCC 6631-B1),$550.00,$467.50,NA,236,236,1,frozen,NA,NA,NA,NA,NA,NA,https://www.atcc.org/~/ps/6631-B1.ashx
Mycobacterium smegmatis bacteriophage Mc-4 (ATCC 607-B7),$550.00,$467.50,NA,Mc-4,Mc-4,1,freeze-dried,NA,NA,NA,NA,NA,NA,https://www.atcc.org/~/ps/607-B7.ashx
Mycobacterium smegmatis bacteriophage Mc-2 (ATCC 607-B6),$550.00,$467.50,NA,Mc-2,Mc-2,1,freeze-dried,NA,NA,NA,NA,NA,NA,https://www.atcc.org/~/ps/607-B6.ashx
Mycobacterium smegmatis bacteriophage BK1 (ATCC 607-B5),$550.00,$467.50,NA,BK1,BK1,1,freeze-dried,NA,NA,NA,NA,NA,NA,https://www.atcc.org/~/ps/607-B5.ashx
Mycobacterium smegmatis bacteriophage R-1 (ATCC 607-B1),$550.00,$467.50,NA,R-1,R-1,1,freeze-dried,ATCC  44: Brain Heart Infusion Agar/Broth,"Temperature: 37Celsius 
Atmosphere: Aerobic",Frozen: -80Celsius  or colderFreeze-Dried: 2Celsius  to 8Celsius Live Culture: See Propagation Section,NA,NA,NA,https://www.atcc.org/~/ps/607-B1.ashx
Bacillus subtilis sp. subtilis bacteriophage Phi-e (ATCC 6051-B1),$550.00,$467.50,NA,phi e,Phi-e,1,frozen,NA,NA,NA,NA,NA,NA,https://www.atcc.org/~/ps/6051-B1.ashx
Vibrio cholerae bacteriophage III (ATCC 51352-B8),$550.00,$467.50,NA,III,III,1,freeze-dried,ATCC  129: Nutrient agar/stabs/broth with 0.5% NaCl,Temperature: 37Celsius Atmosphere: Aerobic,Frozen: -80Celsius  or colderFreeze-Dried: 2Celsius  to 8Celsius Live Culture: See Propagation Section,NA,NA,NA,https://www.atcc.org/~/ps/51352-B8.ashx
Vibrio cholerae bacteriophage I (ATCC 51352-B6),$550.00,$467.50,NA,I,I,1,freeze-dried,ATCC  129: Nutrient agar/stabs/broth with 0.5% NaCl,Temperature: 37Celsius Atmosphere: Aerobic,Frozen: -80Celsius  or colderFreeze-Dried: 2Celsius  to 8Celsius Live Culture: See Propagation Section,NA,NA,NA,https://www.atcc.org/~/ps/51352-B6.ashx
Vibrio cholerae bacteriophage V (ATCC 51352-B10),$550.00,$467.50,NA,V,V,1,freeze-dried,ATCC  129: Nutrient agar/stabs/broth with 0.5% NaCl,Temperature: 37Celsius Atmosphere: Aerobic,Frozen: -80Celsius  or colderFreeze-Dried: 2Celsius  to 8Celsius Live Culture: See Propagation Section,NA,NA,NA,https://www.atcc.org/~/ps/51352-B10.ashx
Pseudomonas sp. bacteriophage Ps-G3 (ATCC 49780-B1),$550.00,$467.50,NA,PsG3,Ps-G3,1,freeze-dried,NA,NA,NA,NA,NA,Characterization,https://www.atcc.org/~/ps/49780-B1.ashx
Micrococcus luteus bacteriophage N3 (ATCC 4698-B4),$550.00,$467.50,NA,N3,N3 [Cay],1,freeze-dried,NA,NA,NA,NA,NA,NA,https://www.atcc.org/~/ps/4698-B4.ashx
Micrococcus luteus bacteriophage N8 (ATCC 4698-B3),$550.00,$467.50,NA,N8,N8 [Horse],1,freeze-dried,NA,NA,NA,NA,NA,NA,https://www.atcc.org/~/ps/4698-B3.ashx
Bacillus megaterium bacteriophage G (ATCC 43725-B1),"$1,200.00","$1,020.00",NA,G,G [HER 276],1,test tube,ATCC  1652: Beef Extract Broth,"Temperature: 30Celsius 

Atmosphere: Aerobic",Frozen: -80Celsius  or colderFreeze-Dried: 2Celsius  to 8Celsius Live Culture: See Propagation Section,NA,NA,NA,https://www.atcc.org/~/ps/43725-B1.ashx
Campylobacter coli bacteriophage 19 (ATCC 43135-B1),$550.00,$467.50,NA,19,19 [formerly 5],1,freeze-dried,NA,NA,NA,NA,NA,NA,https://www.atcc.org/~/ps/43135-B1.ashx
Campylobacter coli bacteriophage 17 (ATCC 43133-B1),$550.00,$467.50,NA,17,17 [formerly 13],1,freeze-dried,NA,NA,NA,NA,NA,NA,https://www.atcc.org/~/ps/43133-B1.ashx
Campylobacter coli bacteriophage 20 (ATCC 43136-B1),"For-Profit:
$235.00",,NA,20,20 [formerly 4],1,freeze-dried,NA,NA,NA,NA,NA,NA,https://www.atcc.org/~/ps/43136-B1.ashx
18 (ATCC 43134-B1),$550.00,$467.50,NA,NA,18 [formerly 7],1,freeze-dried,NA,NA,NA,NA,NA,NA,https://www.atcc.org/~/ps/43134-B1.ashx
Mycobacterium sp. bacteriophage D-34 (ATCC 4243-B1),$550.00,$467.50,NA,D-34,D-34,1,freeze-dried,"ATCC  1395: Middlebrook 7H9 broth with ADC enrichment
ATCC  173: Middlebrook 7H10 agar with Middlebrook OADC enrichment","Temperature: 37Celsius 
Atmosphere: Aerobic",Frozen: -80Celsius  or colderFreeze-Dried: 2Celsius  to 8Celsius Live Culture: See Propagation Section,NA,NA,NA,https://www.atcc.org/~/ps/4243-B1.ashx
Campylobacter jejuni subsp. jejuni bacteriophage 11 (ATCC 35925-B2),$550.00,$467.50,NA,11,11 [WI 386],1,frozen,ATCC  1423: Modified Brucella broth,"Temperature: 37Celsius 
Atmosphere: Microaerophilic",-80Celsius  or colder,NA,NA,NA,https://www.atcc.org/~/ps/35925-B2.ashx
Campylobacter jejuni subsp. jejuni bacteriophage 13 (ATCC 35924-B2),$550.00,$467.50,NA,13,13 [J1 263],1,frozen,NA,NA,NA,NA,NA,NA,https://www.atcc.org/~/ps/35924-B2.ashx
Campylobacter jejuni subsp. jejuni bacteriophage 9 (ATCC 35924-B1),$550.00,$467.50,NA,9,9 [WI 3263],1,frozen,NA,NA,NA,NA,NA,NA,https://www.atcc.org/~/ps/35924-B1.ashx
Campylobacter jejuni subsp. jejuni bacteriophage 5 (ATCC 35922-B3),$550.00,$467.50,NA,14,14 [J2106],1,freeze-dried,NA,NA,NA,NA,NA,NA,https://www.atcc.org/~/ps/35922-B3.ashx
Campylobacter jejuni subsp. jejuni bacteriophage 4 (ATCC 35921-B1),$550.00,$467.50,NA,4,4 [J2101],1,frozen,NA,NA,NA,NA,NA,NA,https://www.atcc.org/~/ps/35921-B1.ashx
Campylobacter jejuni subsp. jejuni bacteriophage 2 (ATCC 35919-B1),$550.00,$467.50,NA,2,2 [J1 328],1,frozen,NA,NA,NA,NA,NA,NA,https://www.atcc.org/~/ps/35919-B1.ashx
Escherichia coli bacteriophage NCIB 11234 (ATCC 35060-B2),$550.00,$467.50,NA,T4,NCIB 11234 [T4am B17 gene 23],1,freeze-dried,ATCC  129: Nutrient agar/stabs/broth with 0.5% NaCl,Temperature: 37Celsius Atmosphere: Aerobic,Frozen: -80Celsius  or colderFreeze-Dried: 2Celsius  to 8Celsius Live Culture: See Propagation Section,NA,NA,NA,https://www.atcc.org/~/ps/35060-B2.ashx
Escherichia coli bacteriophage NCIB 11233 (ATCC 35060-B1),$550.00,$467.50,NA,T4,NCIB 11233 [T4am A453 gene 32],1,freeze-dried,ATCC  129: Nutrient agar/stabs/broth with 0.5% NaCl,"Temperature: 37Celsius 
Atmosphere: Aerobic",Frozen: -80Celsius  or colderFreeze-Dried: 2Celsius  to 8Celsius Live Culture: See Propagation Section,NA,NA,NA,https://www.atcc.org/~/ps/35060-B1.ashx
Erwinia amylovora bacteriophage NCPPB 782 (ATCC 29850-B1),$550.00,$467.50,NA,E1,NCPPB 782 [E1],1,freeze-dried,ATCC  3: Nutrient agar or nutrient broth,Temperature: 26Celsius Atmosphere: Aerobic,Frozen: -80Celsius  or colderFreeze-Dried: 2Celsius  to 8Celsius Live Culture: See Propagation Section,NA,NA,NA,https://www.atcc.org/~/ps/29850-B1.ashx
Erwinia amylovora bacteriophage NCPPB 1508 (ATCC 29850-B2),$550.00,$467.50,NA,4L,NCPPB 1508 [4L],1,freeze-dried,ATCC  3: Nutrient agar or nutrient broth,Temperature: 26Celsius Atmosphere: Aerobic,Frozen: -80Celsius  or colderFreeze-Dried: 2Celsius  to 8Celsius Live Culture: See Propagation Section,NA,NA,Characterization,https://www.atcc.org/~/ps/29850-B2.ashx
Erwinia amylovora bacteriophage phi Ea104 (ATCC 29780-B5),$550.00,$467.50,NA,Erwinia amylovora phage,Phi Ea104,1,freeze-dried,ATCC  272: Nutrient glucose medium,Temperature: 26.0Celsius Atmosphere: Aerobic,NA,NA,NA,NA,https://www.atcc.org/~/ps/29780-B5.ashx
Erwinia amylovora bacteriophage phi Ea100 (ATCC 29780-B4),$550.00,$467.50,NA,Erwinia amylovora phage,Phi Ea100,1,freeze-dried,ATCC  272: Nutrient glucose medium,Temperature: 26.0Celsius Atmosphere: Aerobic,NA,NA,NA,NA,https://www.atcc.org/~/ps/29780-B4.ashx
Erwinia amylovora bacteriophage PEa1 (h) (ATCC 29780-B1),$550.00,$467.50,NA,PEa1 (h),PEa1 (h),1,freeze-dried,NA,Temperature: 26.0Celsius,NA,NA,NA,NA,https://www.atcc.org/~/ps/29780-B1.ashx
Escherichia coli bacteriophage P4 sid1 (ATCC 29746-B1),$550.00,$467.50,NA,P4 sid1,P4 sid1,1,frozen,ATCC  1020: LB modified broth,"Temperature: 37Celsius 
Atmosphere: Aerobic",Frozen: -80Celsius  or colderFreeze-Dried: 2Celsius  to 8Celsius Live Culture: See Propagation Section,NA,NA,NA,https://www.atcc.org/~/ps/29746-B1.ashx
Bacillus thuringiensis bacteriophage MOR-1 (ATCC 29730-B1),$550.00,$467.50,NA,MOR-1,MOR-1,1,freeze-dried,NA,NA,NA,NA,NA,NA,https://www.atcc.org/~/ps/29730-B1.ashx
Thermoactinomyces vulgaris bacteriophage 115A (ATCC 29680-B1),$550.00,$467.50,NA,115A,115A,1,freeze-dried,NA,NA,NA,NA,NA,Isolation and characterization,https://www.atcc.org/~/ps/29680-B1.ashx
Nostoc sp. bacteriophage AN-15 (ATCC 29106-B1),$550.00,$467.50,NA,AN-15,AN-15,1,freeze-dried,NA,NA,NA,NA,NA,Characterization,https://www.atcc.org/~/ps/29106-B1.ashx
Nostoc sp. bacteriophage A-1 (L) (ATCC 27893-B16),$550.00,$467.50,NA,A-1 (L),A-1 (L),1,freeze-dried,ATCC  1142: Allen and Arnon medium plus nitrate,"Temperature: 26Celsius Atmosphere: Aerobic under light intensity of 2,000-3,000 lux",Frozen: -80Celsius  or colderFreeze-Dried: 2Celsius  to 8Celsius Live Culture: See Propagation Section,NA,NA,Characterization,https://www.atcc.org/~/ps/27893-B16.ashx
Nostoc sp. bacteriophage N-1 (ATCC 27893-B15),$550.00,$467.50,NA,N-1,N-1 [ATCC 27347-B1],1,freeze-dried,ATCC  1142: Allen and Arnon medium plus nitrate,"Temperature: 26Celsius Atmosphere: Aerobic under light intensity of 2,000-3,000 lux",Frozen: -80Celsius  or colderFreeze-Dried: 2Celsius  to 8Celsius Live Culture: See Propagation Section,NA,NA,Characterization and replication in Nostoc muscorum,https://www.atcc.org/~/ps/27893-B15.ashx
Nostoc sp. bacteriophage AN-26 (ATCC 27893-B1),$550.00,$467.50,NA,AN-26,AN-26,1,freeze-dried,ATCC  1142: Allen and Arnon medium plus nitrate,"Temperature: 26Celsius Atmosphere: Aerobic under light intensity of 2,000-3,000 lux",Frozen: -80Celsius  or colderFreeze-Dried: 2Celsius  to 8Celsius Live Culture: See Propagation Section,NA,NA,Characterization,https://www.atcc.org/~/ps/27893-B1.ashx
Nostoc sp. bacteriophage A-4 (L) (ATCC 27892-B3),$550.00,$467.50,NA,A-4 (L),A-4 (L),1,freeze-dried,ATCC  1142: Allen and Arnon medium plus nitrate,"Temperature: 26Celsius Atmosphere: Aerobic under light intensity of 2,000­3,000 lux",2Celsius  to 8Celsius,NA,NA,Characterization,https://www.atcc.org/~/ps/27892-B3.ashx
Nostoc sp. bacteriophage AN-22 (ATCC 27892-B1),$550.00,$467.50,NA,AN-22,AN-22,1,freeze-dried,ATCC  1142: Allen and Arnon medium plus nitrate,"Temperature: 26Celsius 
Atmosphere: Aerobic under light intensity of 2,000­3,000 lux",2Celsius  to 8Celsius,NA,NA,Characterization,https://www.atcc.org/~/ps/27892-B1.ashx
Bacillus cereus bacteriophage 282 (S) (ATCC 27877-B1),$550.00,$467.50,NA,282 (S),282 (S),1,freeze-dried,NA,NA,NA,NA,NA,NA,https://www.atcc.org/~/ps/27877-B1.ashx
Bacillus cereus bacteriophage 256 (R) (ATCC 27877-B2),$550.00,$467.50,NA,256 (R),256 (R),1,freeze-dried,ATCC  779: G medium,"Temperature: 30Celsius 
Atmosphere: Aerobic",2Celsius  to 8Celsius,NA,NA,NA,https://www.atcc.org/~/ps/27877-B2.ashx
Bacillus subtilis bacteriophage F (ATCC 27505-B1),$550.00,$467.50,NA,F,F [HER 346],1,freeze-dried,NA,NA,NA,NA,NA,NA,https://www.atcc.org/~/ps/27505-B1.ashx
Nostoc sp. bacteriophage N-1 (ATCC 27347-B1),$550.00,$467.50,NA,N-1,N-1 [ATCC 27893-B15],1,freeze-dried,NA,NA,NA,NA,NA,Characterization,https://www.atcc.org/~/ps/27347-B1.ashx
Mycobacterium smegmatis bacteriophage BK3 (ATCC 27203-B1),$550.00,$467.50,NA,BK3,BK3,1,freeze-dried,NA,NA,NA,NA,NA,NA,https://www.atcc.org/~/ps/27203-B1.ashx
Mycobacterium smegmatis bacteriophage Bo1 (ATCC 27204-B1),$550.00,$467.50,NA,Bo 1,Bo 1,1,freeze-dried,NA,NA,NA,NA,NA,NA,https://www.atcc.org/~/ps/27204-B1.ashx
Escherichia coli bacteriophage If2 (ATCC 27065-B2),$550.00,$467.50,NA,If2,If2,1,frozen,NA,NA,NA,NA,NA,NA,https://www.atcc.org/~/ps/27065-B2.ashx
Mycobacterium tuberculosis bacteriophage LG (ATCC 25618-B1),"$1,159.00",$985.15,NA,LG,LG,3,NA,NA,NA,NA,NA,NA,NA,https://www.atcc.org/en/My_Profile.aspx?sc_device=modal&streamfile=/~/ps/25618-B1.ashx&reloadafterclose=true
Yersinia pseudotuberculosis bacteriophage PST (ATCC 23207-B1),$550.00,$467.50,NA,PST,PST,1,freeze-dried,NA,NA,NA,NA,NA,NA,https://www.atcc.org/~/ps/23207-B1.ashx
Escherichia coli bacteriophage Z1K/1 (ATCC 25298-B1),$550.00,$467.50,NA,Z1K/1,ZlK/1,1,freeze-dried,NA,NA,NA,NA,NA,NA,https://www.atcc.org/~/ps/25298-B1.ashx
Escherichia coli bacteriophage ZJ/2 (ATCC 25298-B2),$550.00,$467.50,NA,ZJ/2,ZJ/2,1,freeze-dried,NA,NA,NA,NA,NA,NA,https://www.atcc.org/~/ps/25298-B2.ashx
Rhizobium radiobacter bacteriophage PR-590a (ATCC 25235-B1),$550.00,$467.50,NA,PR-590a,PR-590a,1,freeze-dried,NA,NA,NA,NA,NA,NA,https://www.atcc.org/~/ps/25235-B1.ashx
Escherichia coli bacteriophage lambda sus O-8 (ATCC 23724-B6),$550.00,$467.50,NA,lambda sus O-8,Lambda sus O-8,1,freeze-dried,NA,NA,NA,NA,NA,NA,https://www.atcc.org/~/ps/23724-B6.ashx
Escherichia coli bacteriophage lambda sus r-5 (ATCC 23724-B4),$550.00,$467.50,NA,lambda sus R-5,Lambda sus R-5,1,freeze-dried,NA,NA,NA,NA,NA,NA,https://www.atcc.org/~/ps/23724-B4.ashx
Staphylococcus aureus subsp. aureus bacteriophage 15 [S6] (ATCC 23360-B1),$550.00,$467.50,NA,S6,15 [S6],1,freeze-dried,ATCC  1831: Nutrient Broth/Agar w/ 400ug/ml Calcium Chloride,Temperature: 37Celsius Atmosphere: Aerobic,Frozen: -80Celsius  or colderFreeze-Dried: 2Celsius  to 8Celsius Live   Culture: See Propagation Section,NA,NA,NA,https://www.atcc.org/~/ps/23360-B1.ashx
57 (ATCC 23355-B1),$550.00,$467.50,NA,NA,57,1,freeze-dried,NA,NA,NA,NA,NA,NA,https://www.atcc.org/~/ps/23355-B1.ashx
Shigella sp. bacteriophage 37 (ATCC 23354-B1),$550.00,$467.50,NA,37,37,1,freeze-dried,NA,NA,NA,NA,NA,NA,https://www.atcc.org/~/ps/23354-B1.ashx
Shigella dysenteriae bacteriophage 2 (ATCC 23351-B1),$550.00,$467.50,NA,2,2,1,freeze-dried,NA,NA,NA,NA,NA,NA,https://www.atcc.org/~/ps/23351-B1.ashx
Rhizobium radiobacter bacteriophage PB2 (ATCC 23341-B1),$550.00,$467.50,NA,PB2,PB2,1,freeze-dried,NA,NA,NA,NA,NA,NA,https://www.atcc.org/~/ps/23341-B1.ashx
Listeria monocytogenes bacteriophage 243 (ATCC 23074-B1),$550.00,$467.50,NA,243,243,1,freeze-dried,NA,NA,NA,NA,NA,Detection of,https://www.atcc.org/~/ps/23074-B1.ashx
Bacillus subtilis bacteriophage SP 10 (ATCC 23059-B1),$550.00,$467.50,NA,SP 10,SP 10 [SP10],1,frozen,NA,NA,NA,NA,NA,NA,https://www.atcc.org/~/ps/23059-B1.ashx
Escherichia coli bacteriophage MU9 (ATCC 21816-B1),$550.00,$467.50,NA,MU9,MU9,1,freeze-dried,NA,NA,NA,NA,NA,NA,https://www.atcc.org/~/ps/21816-B1.ashx
Enterococcus sp. bacteriophage 120 (ATCC 19952-B1),$550.00,$467.50,NA,120,120,1,freeze-dried,NA,NA,NA,NA,NA,NA,https://www.atcc.org/~/ps/19952-B1.ashx
Salmonella enterica subsp. enterica serovar Typhi bacteriophage 46 (ATCC 19942-B1),$550.00,$467.50,NA,46,46,1,frozen,NA,NA,NA,NA,NA,NA,https://www.atcc.org/~/ps/19942-B1.ashx
Leeuwenhoekiella marinoflava bacteriophage P/SW1/a [NCMB 384] (ATCC 19326-B1),$550.00,$467.50,NA,P/SW1/a,P/SW1/a [NCMB 384],1,freeze-dried,ATCC  160: Seawater yeast extract agar,Temperature: 37Celsius Atmosphere: Aerobic,Frozen: -80Celsius  or colderFreeze-Dried: 2Celsius  to 8Celsius Live Culture: See Propagation Section,NA,NA,NA,https://www.atcc.org/~/ps/19326-B1.ashx
Plectonema boryanum bacteriophage LPP-2 (ATCC 18200-B2),$550.00,$467.50,NA,LPP-2,"LPP-2, strain SPI",1,freeze-dried,ATCC  341: CHU #10 medium,Temperature: 26Celsius Atmosphere: Aerobic under 150 foot candles of light,Frozen: -80Celsius  or colderFreeze-Dried: 2Celsius  to 8Celsius Live Culture: See Propagation Section,NA,NA,Characterization,https://www.atcc.org/~/ps/18200-B2.ashx
Plectonema boryanum bacteriophage LPP-1 (ATCC 18200-B1),$550.00,$467.50,NA,LPP-1,LPP-1 [ATCC 15581-B1],1,freeze-dried,ATCC  341: CHU #10 medium,"Temperature: 26Celsius 
Atmosphere: Aerobic under 150 foot candles of light",Frozen: -80Celsius  or colderFreeze-Dried: 2Celsius  to 8Celsius Live Culture: See Propagation Section,NA,NA,Characterization,https://www.atcc.org/~/ps/18200-B1.ashx
Clostridium sporogenes bacteriophage 72-L (ATCC 17886-B6),$550.00,$467.50,NA,72-L,72-L,1,freeze-dried,ATCC  51: AC Broth,"Temperature: 37Celsius 
Atmosphere: Anaerobic",Frozen: -80Celsius  or colderFreeze-Dried: 2Celsius  to 8Celsius Live Culture: See Propagation Section,NA,NA,NA,https://www.atcc.org/~/ps/17886-B6.ashx
Clostridium sporogenes bacteriophage 72-S (ATCC 17886-B5),$550.00,$467.50,NA,72-S,72-S,1,freeze-dried,ATCC  51: AC Broth,"Temperature: 37Celsius 
Atmosphere: Anaerobic",Frozen: -80Celsius  or colderFreeze-Dried: 2Celsius  to 8Celsius Live Culture: See Propagation Section,NA,NA,NA,https://www.atcc.org/~/ps/17886-B5.ashx
Clostridium sporogenes bacteriophage 70 (ATCC 17886-B3),$550.00,$467.50,NA,70,70,1,freeze-dried,ATCC  51: AC Broth,"Temperature: 37Celsius 
Atmosphere: Anaerobic",Frozen: -80Celsius  or colderFreeze-Dried: 2Celsius  to 8Celsius Live Culture: See Propagation Section,NA,NA,NA,https://www.atcc.org/~/ps/17886-B3.ashx
Clostridium sporogenes bacteriophage 59 (ATCC 17886-B1),$550.00,$467.50,NA,59,59,1,freeze-dried,ATCC  51: AC Broth,"Temperature: 37Celsius 
Atmosphere: Anaerobic",Frozen: -80Celsius  or colderFreeze-Dried: 2Celsius  to 8Celsius Live Culture: See Propagation Section,NA,NA,NA,https://www.atcc.org/~/ps/17886-B1.ashx
Escherichia coli bacteriophage Ox6 (ATCC 15593-B1),$550.00,$467.50,NA,Ox6 bacteriophage,Ox6,1,frozen,ATCC  270: Nutrient agar with NaCl and sodium citrate,Temperature: 37Celsius Atmosphere: Aerobic,Frozen: -80Celsius  or colderFreeze-Dried: 2Celsius  to 8Celsius Live Culture: See Propagation Section,NA,NA,NA,https://www.atcc.org/~/ps/15593-B1.ashx
Erwinia amylovora bacteriophage 4S (ATCC 19383-B2),$550.00,$467.50,NA,4S,4S,1,freeze-dried,ATCC  272: Nutrient glucose medium,Temperature: 28Celsius Atmosphere: Aerobic,Frozen: -80Celsius  or colderFreeze-Dried: 2Celsius  to 8Celsius Live Culture: See Propagation Section,NA,NA,NA,https://www.atcc.org/~/ps/19383-B2.ashx
Bacillus subtilis bacteriophage SP8 (ATCC 15563-B1),$550.00,$467.50,NA,SP8 bacteriophage,SP8,1,frozen,ATCC  648: Penassay broth (Antibiotic  3)  with 0.001 M Mg++,Temperature: 37Celsius Atmosphere: Aerobic,Frozen: -80Celsius  or colderFreeze-Dried: 2Celsius  to 8Celsius Live Culture: See Propagation Section,NA,NA,NA,https://www.atcc.org/~/ps/15563-B1.ashx
Pseudomonas aeruginosa bacteriophage B3 (ATCC 15692-B1),$550.00,$467.50,NA,B3,B3,1,freeze-dried,ATCC  129: Nutrient agar/stabs/broth with 0.5% NaCl,Temperature: 37Celsius Atmosphere: Aerobic,Frozen: -80Celsius  or colderFreeze-Dried: 2Celsius  to 8Celsius Live Culture: See Propagation Section,NA,NA,NA,https://www.atcc.org/~/ps/15692-B1.ashx
Mycobacterium vaccae bacteriophage B5 (ATCC 15483-B1),$550.00,$467.50,NA,B5,B5,1,NA,"ATCC  1395: Middlebrook 7H9 broth with ADC enrichment
ATCC  173: Middlebrook 7H10 agar with Middlebrook OADC enrichment",Temperature: 37Celsius Atmosphere: Aerobic,Frozen: -80Celsius  or colderFreeze-Dried: 2Celsius  to 8Celsius Live Culture: See Propagation Section,NA,NA,NA,https://www.atcc.org/~/ps/15483-B1.ashx
Pseudomonas aeruginosa bacteriophage 44 (ATCC 14209-B1),$550.00,$467.50,NA,44,44,1,freeze-dried,ATCC  1325: Berk’s,Temperature: 37Celsius Atmosphere: Aerobic,Frozen: -80Celsius  or colderFreeze-Dried: 2Celsius  to 8Celsius Live Culture: See Propagation Section,NA,NA,NA,https://www.atcc.org/~/ps/14209-B1.ashx
Pseudomonas aeruginosa bacteriophage 109 (ATCC 14212-B1),$550.00,$467.50,NA,109,109,1,frozen,ATCC  44: Brain Heart Infusion Agar/Broth,"Temperature: 37Celsius Atmosphere: 

Aerobic",Frozen: -80Celsius  or colderFreeze-Dried: 2Celsius  to   8Celsius Live Culture: See Propagation Section,NA,NA,NA,https://www.atcc.org/~/ps/14212-B1.ashx
Pseudomonas aeruginosa bacteriophage 95 (ATCC 14211-B1),$550.00,$467.50,NA,95,95,1,freeze-dried,ATCC  44: Brain Heart Infusion Agar/Broth,"Temperature: 37Celsius Atmosphere: 

Aerobic",Frozen: -80Celsius  or colderFreeze-Dried: 2Celsius  to 8Celsius Live Culture: See Propagation Section,NA,NA,NA,https://www.atcc.org/~/ps/14211-B1.ashx
Pseudomonas aeruginosa bacteriophage 73 (ATCC 14210-B1),$550.00,$467.50,NA,73,73,1,frozen,ATCC  44: Brain Heart Infusion Agar/Broth,Temperature: 37Celsius Atmosphere: Aerobic,Frozen: -80Celsius  or colderFreeze-Dried: 2Celsius  to 8Celsius Live Culture: See Propagation Section,NA,NA,NA,https://www.atcc.org/~/ps/14210-B1.ashx
Pseudomonas aeruginosa bacteriophage 24 (ATCC 14207-B1),$550.00,$467.50,NA,24,24,1,frozen,ATCC  44: Brain Heart Infusion Agar/Broth,Temperature: 37Celsius Atmosphere: Aerobic,Frozen: -80Celsius  or colderFreeze-Dried: 2Celsius  to 8Celsius Live Culture: See Propagation Section,NA,NA,NA,https://www.atcc.org/~/ps/14207-B1.ashx
Pseudomonas aeruginosa bacteriophage 16 (ATCC 14206-B1),$550.00,$467.50,NA,16,16,1,frozen,ATCC  44: Brain Heart Infusion Agar/Broth,Temperature: 37Celsius Atmosphere: Aerobic,Frozen: -80Celsius  or colderFreeze-Dried: 2Celsius  to 8Celsius Live Culture: See Propagation Section,NA,NA,NA,https://www.atcc.org/~/ps/14206-B1.ashx
Shigella flexneri bacteriophage D20 (ATCC 12661-B1),$550.00,$467.50,NA,D20,D20,1,freeze-dried,ATCC  129: Nutrient agar/stabs/broth with 0.5% NaCl,Temperature: 37Celsius Atmosphere: Aerobic,Frozen: -80Celsius  or colderFreeze-Dried: 2Celsius  to 8Celsius Live Culture: See Propagation Section,NA,NA,NA,https://www.atcc.org/~/ps/12661-B1.ashx
Pseudomonas putida bacteriophage gh-1 (ATCC 12633-B1),$550.00,$467.50,NA,gh-1,gh-1,1,freeze-dried,ATCC  3: Nutrient agar or nutrient broth,Temperature: 26Celsius Atmosphere: Aerobic,Frozen: -80Celsius  or colderFreeze-Dried: 2Celsius  to 8Celsius Live Culture: See Propagation Section,NA,NA,NA,https://www.atcc.org/~/ps/12633-B1.ashx
Streptococcus sp. bacteriophage 1B (ATCC 12170-B1),$550.00,$467.50,NA,1B,Enterococcus phage 1B,1,freeze-dried,ATCC  265: Enriched nutrient broth,Temperature: 37Celsius Atmosphere: Aerobic,Frozen: -80Celsius  or colderFreeze-Dried: 2Celsius  to 8Celsius Live Culture: See Propagation Section,NA,NA,NA,https://www.atcc.org/~/ps/12170-B1.ashx
Escherichia coli bacteriophage 6C (ATCC 12144-B4),$550.00,$467.50,NA,6C,6C,1,freeze-dried,ATCC  365: Starch agar medium for Pseudomonas,Temperature: 37Celsius Atmosphere: Aerobic,Frozen: -80Celsius  or colderFreeze-Dried: 2Celsius  to 8Celsius Live Culture: See Propagation Section,NA,NA,NA,https://www.atcc.org/~/ps/12144-B4.ashx
Escherichia coli bacteriophage 8 (ATCC 12144-B2),$550.00,$467.50,NA,8,8,1,freeze-dried,ATCC  265: Enriched nutrient broth,Temperature: 37Celsius Atmosphere: Aerobic,Frozen: -80Celsius  or colderFreeze-Dried: 2Celsius  to 8Celsius Live Culture: See Propagation Section,NA,NA,NA,https://www.atcc.org/~/ps/12144-B2.ashx
Escherichia coli bacteriophage 49B (ATCC 12142-B1),$550.00,$467.50,NA,49B,49B,1,freeze-dried,ATCC  265: Enriched nutrient broth,Temperature: 37Celsius Atmosphere: Aerobic,Frozen: -80Celsius  or colderFreeze-Dried: 2Celsius  to 8Celsius Live Culture: See Propagation Section,NA,NA,NA,https://www.atcc.org/~/ps/12142-B1.ashx
Escherichia coli bacteriophage 5 (ATCC 12141-B1),$550.00,$467.50,NA,5,5,1,frozen,ATCC  265: Enriched nutrient broth,Temperature: 37Celsius Atmosphere: Aerobic,Frozen: -80Celsius  or colderFreeze-Dried: 2Celsius  to 8Celsius Live Culture: See Propagation   Section,NA,NA,NA,https://www.atcc.org/~/ps/12141-B1.ashx
Escherichia coli bacteriophage 24B (ATCC 12142-B2),$550.00,$467.50,NA,24B,24B,1,freeze-dried,ATCC  265: Enriched nutrient broth,Temperature: 37Celsius Atmosphere: Aerobic,Frozen: -80Celsius  or colderFreeze-Dried: 2Celsius  to 8Celsius Live Culture: See Propagation Section,NA,NA,NA,https://www.atcc.org/~/ps/12142-B2.ashx
Escherichia coli bacteriophage FCZ (ATCC 12142-B5),$550.00,$467.50,NA,FCZ,FCZ,1,freeze-dried,ATCC  265: Enriched nutrient broth,Temperature: 37Celsius Atmosphere: Aerobic,Frozen: -80Celsius  or colderFreeze-Dried: 2Celsius  to 8Celsius Live Culture: See Propagation Section,NA,NA,NA,https://www.atcc.org/~/ps/12142-B5.ashx
Escherichia coli bacteriophage 53 alpha (ATCC 12142-B4),$550.00,$467.50,NA,53 alpha,53 alpha,1,freeze-dried,ATCC  265: Enriched nutrient broth,Temperature: 37Celsius Atmosphere: Aerobic,Frozen: -80Celsius  or colderFreeze-Dried: 2Celsius  to 8Celsius Live Culture: See Propagation Section,NA,NA,NA,https://www.atcc.org/~/ps/12142-B4.ashx
Streptococcus sp. bacteriophage 1A (ATCC 12169-B1),$550.00,$467.50,NA,1A,Enterococcus phage 1A,1,freeze-dried,ATCC  265: Enriched nutrient broth,Temperature: 37Celsius Atmosphere: Aerobic,Frozen: -80Celsius  or colderFreeze-Dried: 2Celsius  to 8Celsius Live Culture: See Propagation Section,NA,NA,NA,https://www.atcc.org/~/ps/12169-B1.ashx
Paenibacillus polymyxa bacteriophage C (ATCC 12060-B3),$550.00,$467.50,NA,C,C,1,frozen,ATCC  265: Enriched nutrient broth,Temperature: 26Celsius Atmosphere: Aerobic,Frozen: -80Celsius  or colderFreeze-Dried: 2Celsius  to 8Celsius Live Culture: See Propagation   Section,NA,NA,NA,https://www.atcc.org/~/ps/12060-B3.ashx
Pseudomonas aeruginosa bacteriophage Pc (ATCC 12055-B3),$550.00,$467.50,NA,Pc,Pc,1,freeze-dried,ATCC  3: Nutrient agar or nutrient broth,Temperature: 37Celsius Atmosphere: Aerobic,Frozen: -80Celsius  or colderFreeze-Dried: 2Celsius  to   8Celsius Live Culture: See Propagation Section,NA,NA,NA,https://www.atcc.org/~/ps/12055-B3.ashx
Paenibacillus polymyxa bacteriophage D (ATCC 12060-B4),$550.00,$467.50,NA,D,D,1,frozen,ATCC  265: Enriched nutrient broth,Temperature: 26Celsius Atmosphere: Aerobic,Frozen: -80Celsius  or colderFreeze-Dried: 2Celsius  to 8Celsius Live Culture: See Propagation   Section,NA,NA,NA,https://www.atcc.org/~/ps/12060-B4.ashx
Paenibacillus polymyxa bacteriophage A (ATCC 12060-B1),$550.00,$467.50,NA,A,A,1,freeze-dried,ATCC  265: Enriched nutrient broth,Temperature: 26Celsius Atmosphere: Aerobic,Frozen: -80Celsius  or colderFreeze-Dried: 2Celsius  to 8Celsius Live Culture: See Propagation   Section,NA,NA,NA,https://www.atcc.org/~/ps/12060-B1.ashx
Pseudomonas aeruginosa bacteriophage Pb (ATCC 12055-B2),$550.00,$467.50,NA,Pb,Pb,1,freeze-dried,ATCC  3: Nutrient agar or nutrient broth,Temperature: 37Celsius Atmosphere: Aerobic,Frozen: -80Celsius  or colderFreeze-Dried: 2Celsius  to   8Celsius Live Culture: See Propagation Section,NA,NA,NA,https://www.atcc.org/~/ps/12055-B2.ashx
Pseudomonas aeruginosa bacteriophage Pa (ATCC 12055-B1),$550.00,$467.50,NA,Pa,Pa,1,freeze-dried,ATCC  3: Nutrient agar or nutrient broth,Temperature: 37Celsius Atmosphere: Aerobic,Frozen: -80Celsius  or colderFreeze-Dried: 2Celsius  to   8Celsius Live Culture: See Propagation Section,NA,NA,NA,https://www.atcc.org/~/ps/12055-B1.ashx
Bacillus mycoides bacteriophage (ATCC 11986-B1),$550.00,$467.50,NA,Bacillus mycoides phage,NA,1,freeze-dried,ATCC  254: Heart Infusion Agar/Broth,Temperature: 37Celsius Atmosphere: Aerobic,Frozen: -80Celsius  or colderFreeze-Dried: 2Celsius  to 8Celsius Live Culture: See Propagation Section,NA,NA,NA,https://www.atcc.org/~/ps/11986-B1.ashx
Streptomyces griseus subsp. griseus bacteriophage 22653 (ATCC 11984-B1),$550.00,$467.50,NA,22653,22653 [Carvajal's strain 1],1,freeze-dried,"ATCC  196: Yeast malt extract agar
ATCC  1877: ISP  1",Temperature: 26Celsius Atmosphere: Aerobic,Frozen: -80Celsius  or colderFreeze-Dried: 2Celsius  to 8Celsius Live Culture: See Propagation Section,NA,NA,NA,https://www.atcc.org/~/ps/11984-B1.ashx
Mycobacterium sp. bacteriophage (ATCC 11761-B1),$550.00,$467.50,NA,Mycobacterium sp. phage,NA,2,freeze-dried,"ATCC  1395: Middlebrook 7H9 broth with ADC enrichment
ATCC  173: Middlebrook 7H10 agar with Middlebrook OADC enrichment",Temperature: 37Celsius Atmosphere: Aerobic,Frozen: -80Celsius  or colderFreeze-Dried: 2Celsius  to 8Celsius Live Culture: See Propagation Section,NA,NA,NA,https://www.atcc.org/~/ps/11761-B1.ashx
Mycobacterium phlei bacteriophage (ATCC 11728-B1),$550.00,$467.50,NA,Mycobacterium phlei phage,NA,2,freeze-dried,"ATCC  173: Middlebrook 7H10 agar with Middlebrook OADC enrichment
ATCC  1395: Middlebrook 7H9 broth with ADC enrichment
ATCC  90: Lowenstein Jenson medium",Temperature: 37Celsius Atmosphere: Aerobic,Frozen: -80Celsius  or colderFreeze-Dried: 2Celsius  to 8Celsius Live Culture: See Propagation Section,NA,NA,NA,https://www.atcc.org/~/ps/11728-B1.ashx
Lactococcus lactis subsp. cremoris bacteriphage w (ATCC 11603-B1),$550.00,$467.50,NA,w,W,1,frozen,ATCC  33: Tomato juice agar,Temperature: 37Celsius Atmosphere: Aerobic,Frozen: -80Celsius  or colderFreeze-Dried: 2Celsius  to 8Celsius Live Culture: See Propagation Section,NA,NA,NA,https://www.atcc.org/~/ps/11603-B1.ashx
Escherichia coli bacteriophage C33 (ATCC 11303-B21),$550.00,$467.50,NA,C33,C33,1,freeze-dried,ATCC  129: Nutrient agar/stabs/broth with 0.5% NaCl,Temperature: 37Celsius Atmosphere: Aerobic,Frozen: -80Celsius  or colderFreeze-Dried: 2Celsius  to 8Celsius Live Culture: See Propagation Section,NA,NA,NA,https://www.atcc.org/~/ps/11303-B21.ashx
Escherichia coli bacteriophage 184 (ATCC 11303-B19),$550.00,$467.50,NA,184,184,1,freeze-dried,ATCC  129: Nutrient agar/stabs/broth with 0.5% NaCl,Temperature: 37Celsius Atmosphere: Aerobic,Frozen: -80Celsius  or colderFreeze-Dried: 2Celsius  to 8Celsius Live Culture: See Propagation Section,NA,NA,NA,https://www.atcc.org/~/ps/11303-B19.ashx
Escherichia coli bacteriophage G178 (ATCC 11303-B16),$550.00,$467.50,NA,G178,G178,1,freeze-dried,ATCC  129: Nutrient agar/stabs/broth with 0.5% NaCl,Temperature: 37Celsius Atmosphere: Aerobic,Frozen: -80Celsius  or colderFreeze-Dried: 2Celsius  to 8Celsius Live Culture: See Propagation Section,NA,NA,NA,https://www.atcc.org/~/ps/11303-B16.ashx
Escherichia coli bacteriophage C204 (ATCC 11303-B13),$550.00,$467.50,NA,C204,C204,1,freeze-dried,ATCC  129: Nutrient agar/stabs/broth with 0.5% NaCl,Temperature: 37Celsius Atmosphere: Aerobic,Frozen: -80Celsius  or colderFreeze-Dried: 2Celsius  to 8Celsius Live Culture: See Propagation Section,NA,NA,NA,https://www.atcc.org/~/ps/11303-B13.ashx
Escherichia coli bacteriophage BG3 (ATCC 11303-B10),$550.00,$467.50,NA,BG3,BG3,1,freeze-dried,ATCC  129: Nutrient agar/stabs/broth with 0.5% NaCl,Temperature: 37Celsius Atmosphere: Aerobic,Frozen: -80Celsius  or colderFreeze-Dried: 2Celsius  to 8Celsius Live Culture: See Propagation Section,NA,NA,NA,https://www.atcc.org/~/ps/11303-B10.ashx
Xanthomonas arboricola pathovar pruni bacteriophage XP2 (ATCC 10016-B2),$550.00,$467.50,NA,XP2,XP2,1,frozen,ATCC  129: Nutrient agar/stabs/broth with 0.5% NaCl,Temperature: 30Celsius Atmosphere: Aerobic,Frozen: -80Celsius  or colderFreeze-Dried: 2Celsius  to 8Celsius Live Culture: See Propagation Section,NA,NA,NA,https://www.atcc.org/~/ps/10016-B2.ashx
Xanthomonas arboricola pathovar pruni bacteriophage XP1 (ATCC 10016-B1),$550.00,$467.50,NA,XP1,XP1,1,frozen,ATCC  129: Nutrient agar/stabs/broth with 0.5% NaCl,Temperature: 30Celsius Atmosphere: Aerobic,Frozen: -80Celsius  or colderFreeze-Dried: 2Celsius  to 8Celsius Live Culture: See Propagation Section,NA,NA,NA,https://www.atcc.org/~/ps/10016-B1.ashx
Klebsiella pneumoniae subsp. pneumoniae bacteriophage 92 (ATCC 23357-B1),$550.00,$467.50,NA,92,92,1,frozen,ATCC  3: Nutrient agar or nutrient broth,"Temperature: 37Celsius 
Atmosphere: Aerobic",Frozen: -80Celsius  or colderFreeze-Dried: 2Celsius  to 8Celsius Live Culture: See Propagation Section,NA,NA,NA,https://www.atcc.org/~/ps/23357-B1.ashx
Klebsiella pneumoniae subsp. pneumoniae bacteriophage 60 (ATCC 23356-B1),$550.00,$467.50,NA,60,60,1,frozen,ATCC  3: Nutrient agar or nutrient broth,"Temperature: 37Celsius 
Atmosphere: Aerobic",Frozen: -80Celsius  or colderFreeze-Dried: 2Celsius  to 8Celsius Live Culture: See Propagation Section,NA,NA,NA,https://www.atcc.org/~/ps/23356-B1.ashx
Staphylococcus aureus subsp. aureus bacteriophage P14 (ATCC 11988-B1),$550.00,$467.50,NA,P14,P14,1,freeze-dried,ATCC  265: Enriched nutrient broth,Temperature: 37Celsius Atmosphere: Aerobic,Store filtrate at 4Celsius . Storage at -20Celsius  may cause inactivation of the phage.,NA,NA,NA,https://www.atcc.org/~/ps/11988-B1.ashx
Streptococcus pyogenes bacteriophage A6 (ATCC 12203-B1),$550.00,$467.50,NA,A6,A6,1,freeze-dried,ATCC  235: Todd-Hewitt broth,Temperature: 37Celsius Atmosphere: Aerobic,Frozen: -80Celsius  or colderFreeze-Dried: 2Celsius  to 8Celsius Live Culture: See Propagation Section,NA,NA,NA,https://www.atcc.org/~/ps/12203-B1.ashx
Staphylococcus aureus subsp. aureus bacteriophage CDC 83A (ATCC 27706-B1),$550.00,$467.50,NA,CDC 83A,CDC 83A,1,freeze-dried,ATCC  1831: Nutrient Broth/Agar w/ 400ug/ml Calcium Chloride,Temperature: 37Celsius Atmosphere: Aerobic,Store filtrate at 4Celsius .  Storage at 20Celsius  may cause inactivation of the phage.,NA,NA,NA,https://www.atcc.org/~/ps/27706-B1.ashx
Staphylococcus aureus subsp. aureus bacteriophage CDC 79 (ATCC 27693-B2),$550.00,$467.50,NA,CDC 79,CDC 79,1,freeze-dried,ATCC  1831: Nutrient Broth/Agar w/ 400ug/ml Calcium Chloride,Temperature: 37Celsius Atmosphere: Aerobic,Store filtrate at 4Celsius .  Storage at 20Celsius  may cause inactivation of the phage.,NA,NA,NA,https://www.atcc.org/~/ps/27693-B2.ashx
Pseudomonas fluorescens bacteriophage phi-S1 (ATCC 27663-B1),$376.00,$319.60,NA,phi-S1,Phi-S1,1,freeze-dried,ATCC  691: Pseudomonas phage medium,"Temperature: 26Celsius 
Atmosphere: Aerobic",Frozen: -80Celsius  or colderFreeze-Dried: 2Celsius  to 8Celsius Live Culture: See Propagation Section,NA,NA,NA,https://www.atcc.org/~/ps/27663-B1.ashx
Staphylococcus aureus subsp. aureus bacteriophage 6 (ATCC 27704-B1),$550.00,$467.50,NA,6,6,1,freeze-dried,ATCC  1831: Nutrient Broth/Agar w/ 400ug/ml Calcium Chloride,Temperature: 37Celsius Atmosphere: Aerobic,Store filtrate at 4Celsius .  Storage at 20Celsius  may cause inactivation of the phage.,NA,NA,NA,https://www.atcc.org/~/ps/27704-B1.ashx
Escherichia coli bacteriophage T4 (ATCC 11303-B40),$550.00,$467.50,NA,T4,"T4 rII PT1, partial deletion rII",1,freeze-dried,ATCC  129: Nutrient agar/stabs/broth with 0.5% NaCl,Temperature: 37Celsius Atmosphere: Aerobic,Frozen: -80Celsius  or colderFreeze-Dried: 2Celsius  to 8Celsius Live Culture: See Propagation Section,NA,NA,NA,https://www.atcc.org/~/ps/11303-B40.ashx
Escherichia coli bacteriophage T4 (ATCC 11303-B39),$550.00,$467.50,NA,T4,"T4 rIIa 44, rIIA mutant",1,freeze-dried,ATCC  129: Nutrient agar/stabs/broth with 0.5% NaCl,Temperature: 37Celsius Atmosphere: Aerobic,Frozen: -80Celsius  or colderFreeze-Dried: 2Celsius  to 8Celsius Live Culture: See Propagation Section,NA,NA,NA,https://www.atcc.org/~/ps/11303-B39.ashx
Escherichia coli bacteriophage r638 (ATCC 11303-B36),$550.00,$467.50,NA,r638,r638,1,freeze-dried,ATCC  129: Nutrient agar/stabs/broth with 0.5% NaCl,Temperature: 37Celsius Atmosphere: Aerobic,Frozen: -80Celsius  or colderFreeze-Dried: 2Celsius  to 8Celsius Live Culture: See Propagation Section,NA,NA,NA,https://www.atcc.org/~/ps/11303-B36.ashx
Escherichia coli bacteriophage r187 (ATCC 11303-B35),$550.00,$467.50,NA,r187,r187,1,freeze-dried,ATCC  129: Nutrient agar/stabs/broth with 0.5% NaCl,Temperature: 37Celsius Atmosphere: Aerobic,Frozen: -80Celsius  or colderFreeze-Dried: 2Celsius  to 8Celsius Live Culture: See Propagation Section,NA,NA,NA,https://www.atcc.org/~/ps/11303-B35.ashx
Escherichia coli bacteriophage rJ3 (ATCC 11303-B31),$550.00,$467.50,NA,rJ3,rJ3,1,freeze-dried,ATCC  129: Nutrient agar/stabs/broth with 0.5% NaCl,Temperature: 37Celsius Atmosphere: Aerobic,Frozen: -80Celsius  or colderFreeze-Dried: 2Celsius  to 8Celsius Live Culture: See Propagation Section,NA,NA,NA,https://www.atcc.org/~/ps/11303-B31.ashx
Escherichia coli bacteriophage rEDb50 (ATCC 11303-B29),$550.00,$467.50,NA,rEDb50,rEDb50,1,freeze-dried,ATCC  129: Nutrient agar/stabs/broth with 0.5% NaCl,Temperature: 37Celsius Atmosphere: Aerobic,Frozen: -80Celsius  or colderFreeze-Dried: 2Celsius  to 8Celsius Live Culture: See Propagation Section,NA,NA,NA,https://www.atcc.org/~/ps/11303-B29.ashx
Escherichia coli bacteriophage r1589 (ATCC 11303-B32),$550.00,$467.50,NA,r1589,r1589,1,freeze-dried,ATCC  129: Nutrient agar/stabs/broth with 0.5% NaCl,Temperature: 37Celsius Atmosphere: Aerobic,Frozen: -80Celsius  or colderFreeze-Dried: 2Celsius  to 8Celsius Live Culture: See Propagation Section,NA,NA,NA,https://www.atcc.org/~/ps/11303-B32.ashx
Escherichia coli bacteriophage rH23 (ATCC 11303-B30),$550.00,$467.50,NA,rH23,rH23,1,freeze-dried,ATCC  129: Nutrient agar/stabs/broth with 0.5% NaCl,Temperature: 37Celsius Atmosphere: Aerobic,Frozen: -80Celsius  or colderFreeze-Dried: 2Celsius  to 8Celsius Live Culture: See Propagation Section,NA,NA,NA,https://www.atcc.org/~/ps/11303-B30.ashx
Escherichia coli bacteriophage rEDb45 (ATCC 11303-B28),"For-Profit:
$235.00",,NA,rEDb45,rEDb45,1,freeze-dried,ATCC  129: Nutrient agar/stabs/broth with 0.5% NaCl,Temperature: 37Celsius Atmosphere: Aerobic,Frozen: -80Celsius  or colderFreeze-Dried: 2Celsius  to 8Celsius Live Culture: See Propagation Section,NA,NA,NA,https://www.atcc.org/~/ps/11303-B28.ashx
Escherichia coli bacteriophage rEDb44 (ATCC 11303-B27),$550.00,$467.50,NA,rEDb44,rEDb44,1,freeze-dried,ATCC  129: Nutrient agar/stabs/broth with 0.5% NaCl,Temperature: 37Celsius Atmosphere: Aerobic,Frozen: -80Celsius  or colderFreeze-Dried: 2Celsius  to 8Celsius Live Culture: See Propagation Section,NA,NA,NA,https://www.atcc.org/~/ps/11303-B27.ashx
Escherichia coli bacteriophage r196 (ATCC 11303-B34),$550.00,$467.50,NA,r196,r196,1,freeze-dried,ATCC  129: Nutrient agar/stabs/broth with 0.5% NaCl,Temperature: 37Celsius Atmosphere: Aerobic,Frozen: -80Celsius  or colderFreeze-Dried: 2Celsius  to 8Celsius Live Culture: See Propagation Section,NA,NA,NA,https://www.atcc.org/~/ps/11303-B34.ashx
Escherichia coli bacteriophage 221 (ATCC 11303-B22),$550.00,$467.50,NA,221,221,1,freeze-dried,ATCC  129: Nutrient agar/stabs/broth with 0.5% NaCl,Temperature: 37Celsius Atmosphere: Aerobic,Frozen: -80Celsius  or colderFreeze-Dried: 2Celsius  to 8Celsius Live Culture: See Propagation Section,NA,NA,NA,https://www.atcc.org/~/ps/11303-B22.ashx
Escherichia coli bacteriophage 547 (ATCC 11303-B17),$550.00,$467.50,NA,547,547,1,freeze-dried,ATCC  129: Nutrient agar/stabs/broth with 0.5% NaCl,Temperature: 37Celsius Atmosphere: Aerobic,Frozen: -80Celsius  or colderFreeze-Dried: 2Celsius  to 8Celsius Live Culture: See Propagation Section,NA,NA,NA,https://www.atcc.org/~/ps/11303-B17.ashx
Escherichia coli bacteriophage rED220 (ATCC 11303-B26),$550.00,$467.50,NA,rED220,rED220,1,freeze-dried,ATCC  129: Nutrient agar/stabs/broth with 0.5% NaCl,Temperature: 37Celsius Atmosphere: Aerobic,Frozen: -80Celsius  or colderFreeze-Dried: 2Celsius  to 8Celsius Live Culture: See Propagation Section,NA,NA,NA,https://www.atcc.org/~/ps/11303-B26.ashx
Escherichia coli bacteriophage UV1 (ATCC 11303-B15),$550.00,$467.50,NA,UV1,UV1,1,freeze-dried,ATCC  129: Nutrient agar/stabs/broth with 0.5% NaCl,Temperature: 37Celsius Atmosphere: Aerobic,Frozen: -80Celsius  or colderFreeze-Dried: 2Celsius  to 8Celsius Live Culture: See Propagation Section,NA,NA,NA,https://www.atcc.org/~/ps/11303-B15.ashx
Escherichia coli bacteriophage r71 (ATCC 11303-B25),$550.00,$467.50,NA,r71,r71,1,freeze-dried,ATCC  129: Nutrient agar/stabs/broth with 0.5% NaCl,Temperature: 37Celsius Atmosphere: Aerobic,Frozen: -80Celsius  or colderFreeze-Dried: 2Celsius  to 8Celsius Live Culture: See Propagation Section,NA,NA,NA,https://www.atcc.org/~/ps/11303-B25.ashx
Escherichia coli bacteriophage UV47 (ATCC 11303-B11),$550.00,$467.50,NA,UV47,UV47,1,freeze-dried,ATCC  129: Nutrient agar/stabs/broth with 0.5% NaCl,Temperature: 37Celsius Atmosphere: Aerobic,Frozen: -80Celsius  or colderFreeze-Dried: 2Celsius  to 8Celsius Live Culture: See Propagation Section,NA,NA,NA,https://www.atcc.org/~/ps/11303-B11.ashx
Escherichia coli bacteriophage rA105 (ATCC 11303-B37),$550.00,$467.50,NA,rA105,rA105,1,freeze-dried,ATCC  129: Nutrient agar/stabs/broth with 0.5% NaCl,Temperature: 37Celsius Atmosphere: Aerobic,Frozen: -80Celsius  or colderFreeze-Dried: 2Celsius  to 8Celsius Live Culture: See Propagation Section,NA,NA,NA,https://www.atcc.org/~/ps/11303-B37.ashx
Escherichia coli bacteriophage rEDa41 (ATCC 11303-B24),$550.00,$467.50,NA,rEDa41,rEDa41,1,freeze-dried,ATCC  129: Nutrient agar/stabs/broth with 0.5% NaCl,Temperature: 37Celsius Atmosphere: Aerobic,Frozen: -80Celsius  or colderFreeze-Dried: 2Celsius  to 8Celsius Live Culture: See Propagation Section,NA,NA,NA,https://www.atcc.org/~/ps/11303-B24.ashx
Escherichia coli bacteriophage T1 (ATCC 11303-B1),$235.00,$199.75,NA,T1,T1,1,frozen,ATCC  129: Nutrient agar/stabs/broth with 0.5% NaCl,Temperature: 37Celsius Atmosphere: Aerobic,-80Celsius  or colder,NA,NA,NA,https://www.atcc.org/~/ps/11303-B1.ashx
Escherichia coli bacteriophage fr (ATCC 15767-B1),$376.00,$319.60,NA,fr,fr,1,freeze-dried,ATCC  212: Yeast-tryptone medium,"Temperature: 37Celsius 
Atmosphere: Aerobic",Frozen: -80Celsius  or colderFreeze-Dried: 2Celsius  to 8Celsius Live Culture: See Propagation Section,NA,NA,NA,https://www.atcc.org/~/ps/15767-B1.ashx
Staphylococcus aureus subsp. aureus bacteriophage CDC 29 (ATCC 27705-B1),$235.00,$199.75,NA,CDC 29,CDC 29,1,freeze-dried,ATCC  1831: Nutrient Broth/Agar w/ 400ug/ml Calcium Chloride,Temperature: 37Celsius Atmosphere: Aerobic,Store filtrate at 4Celsius .  Storage at 20Celsius  may cause inactivation of the phage.,NA,NA,NA,https://www.atcc.org/~/ps/27705-B1.ashx
Escherichia coli bacteriophage T6 (ATCC 11303-B6),$376.00,$319.60,NA,T6,T6,1,freeze-dried,ATCC  129: Nutrient agar/stabs/broth with 0.5% NaCl,Temperature: 37Celsius Atmosphere: Aerobic,Frozen: -80Celsius  or colderFreeze-Dried: 2Celsius  to 8Celsius Live Culture: See Propagation Section,NA,NA,NA,https://www.atcc.org/~/ps/11303-B6.ashx
Staphylococcus aureus subsp. aureus bacteriophage K (ATCC 19685-B1),$402.00,$341.70,NA,K,K,1,freeze-dried,ATCC  44: Brain Heart Infusion Agar/Broth,"Temperature: 37Celsius 
Atmosphere: Aerobic",Frozen: -80Celsius  or colderFreeze-Dried: 2Celsius  to 8Celsius Live Culture: See Propagation Section,NA,NA,NA,https://www.atcc.org/~/ps/19685-B1.ashx
Staphylococcus aureus subsp. aureus bacteriophage 54 (ATCC 27695-B1),"For-Profit:
$235.00",,NA,54,54,1,freeze-dried,NA,Temperature: 37Celsius Atmosphere: Aerobic,Store filtrate at 4Celsius . Storage at 20Celsius  may cause inactivation of the phage.,NA,NA,NA,https://www.atcc.org/~/ps/27695-B1.ashx
Escherichia coli bacteriophage P1 (ATCC 25404-B1),$67.00,$56.95,NA,P1,"P1 [ATCC 11303-B23, P1kc]",1,frozen,"ATCC  1065: LB Agar/Broth, Miller",Temperature: 37Celsius Atmosphere: Aerobic,Frozen: -80Celsius  or colderFreeze-Dried: 2Celsius  to 8Celsius Live Culture: See Propagation Section,NA,NA,NA,https://www.atcc.org/~/ps/25404-B1.ashx
Pseudomonas aeruginosa bacteriophage Lindberg 21 (ATCC BAA-28-B2),$376.00,$319.60,NA,phiKZ,HER-3,1,freeze-dried,ATCC  18: Trypticase Soy Agar/Broth,"Temperature: 37Celsius 
Atmosphere: Aerobic",Frozen: -80Celsius  or colderFreeze-Dried: 2Celsius  to 8Celsius Live Culture: See Propagation Section,NA,NA,NA,https://www.atcc.org/~/ps/BAA-28-B2.ashx
Staphylococcus aureus subsp. aureus bacteriophage UC 18 (ATCC 15752-B1),$376.00,$319.60,NA,UC 18,UC 18,1,freeze-dried,ATCC  18: Trypticase Soy Agar/Broth,Temperature: 37Celsius Atmosphere: Aerobic,Store filtrate at 4Celsius .  Storage at 20Celsius  may cause inactivation of the phage.,NA,NA,NA,https://www.atcc.org/~/ps/15752-B1.ashx
Salmonella enterica subsp. enterica serovar Typhimurium bacteriophage SL-1 (ATCC 40282),$376.00,$319.60,NA,SL-1,SL-1,1,freeze-dried,NA,NA,NA,NA,NA,NA,https://www.atcc.org/~/ps/40282.ashx
Mycobacterium smegmatis bacteriophage (ATCC 11759-B1),$376.00,$319.60,NA,Mycobacterium smegmatis phage,NA,1,freeze-dried,"ATCC  1395: Middlebrook 7H9 broth with ADC enrichment
ATCC  173: Middlebrook 7H10 agar with Middlebrook OADC enrichment",Temperature: 37Celsius Atmosphere: Aerobic,Frozen: -80Celsius  or colderFreeze-Dried: 2Celsius  to 8Celsius Live Culture: See Propagation Section,NA,NA,NA,https://www.atcc.org/~/ps/11759-B1.ashx
Escherichia coli bacteriophage MS2 (ATCC 15597-B1),$72.00,$61.20,NA,MS2,MS2,1,freeze-dried,ATCC  271: Escherichia medium,Temperature: 37Celsius Atmosphere: Aerobic,Frozen: -80Celsius  or colderFreeze-Dried: 2Celsius  to 8Celsius Live Culture: See Propagation Section,NA,NA,"Water testing
Control Culture Ref USEPA Manuual of Method for Virology, Chapeter 16. Washington, DC:Environmental Protection Agency;EPA EPA 600/4-84/013 (N16), 2001
coliphages in water Ref 9224 C: Male-specific coliphage assay using Escherichia coli Famp. Washington, DC:American Public Health Association;Standard Methods for the Examination of Water and Wastewater, 2005 APHA9224 - Detection of Coliphages;.
control strain RefEnvironmental Protection Agency Male-specific (F+) and Somatic Coliphage in Water by Two-Step Enrichment Procedure. Washington, DC:Environmental Protection Agency;EPA EPA Method 1601, 2001 RefEnvironmental Protection Agency Male-specific (F+) and Somatic Coliphage in Water by Single Agar Layer (SAL) Procedure. Washington, DC:Environmental Protection Agency;EPA EPA Method 1602, 2001
detection of bacteriophages Ref Water quality --- Detection and enumeration of bacteriophages --- Part 1: Enumeration of F-specific RNA bacteriophages [BS EN ISO 10705-1:2001]. London, UK:British Standards Institution;British Standard BS 6068-4.11:1996.
testing Ref Inactivation of MS2 virus in Drinking Water. Washington, DC:Environmental Protection Agency;EPA EPA NSF 02/03/EPADWCTR. Ref Protocal for Equipment Verification Testing for Physical Removal of Microbiological and Particulate Contaminants. Washington, DC:Environmental Protection Agency;EPA EPA 05/9205/EPADWCTR.",https://www.atcc.org/~/ps/15597-B1.ashx
Pseudomonas aeruginosa bacteriophage 2 (ATCC 14203-B1),"For-Profit:
$235.00",,NA,NA,Phage 2,1,freeze-dried,ATCC  1325: Berk’s,Temperature: 37Celsius Atmosphere: Aerobic,Frozen: -80Celsius  or colderFreeze-Dried: 2Celsius  to 8Celsius Live Culture: See Propagation Section,NA,NA,"Phage therapy research RefMcVay CS, Velasquez M, Fralick JA. Phage Therapy of Pseudomonas aeruginosa Infection in a Mouse Burn Wound Model. Antimicrob. Agents Chemother. 51(6): 1934-1938, 2007.",https://www.atcc.org/~/ps/14203-B1.ashx
Escherichia coli bacteriophage T3 (ATCC BAA-1025-B1),$376.00,$319.60,NA,Escherichia coli phage,T3,1,freeze-dried,ATCC  129: Nutrient agar/stabs/broth with 0.5% NaCl,"Temperature: 37Celsius 
Atmosphere: Aerobic",Frozen: -80Celsius  or colderFreeze-Dried: 2Celsius  to 8Celsius Live Culture: See Propagation Section,NA,NA,NA,https://www.atcc.org/~/ps/BAA-1025-B1.ashx
Cutibacterium acnes bacteriophage (ATCC 29399-B1),$376.00,$319.60,NA,Propionibacterium acnes phage,NA,2,freeze-dried,ATCC  1490: Modified chopped meat medium,"Temperature: 37Celsius 
Atmosphere: Anaerobic",Frozen: -80Celsius  or colderFreeze-Dried: 2Celsius  to 8Celsius Live Culture: See Propagation Section,NA,NA,NA,https://www.atcc.org/~/ps/29399-B1.ashx
Clostridium sporogenes bacteriophage 71 (ATCC 17886-B4),$376.00,$319.60,NA,71,71,1,freeze-dried,ATCC  51: AC Broth,"Temperature: 37Celsius 
Atmosphere: Anaerobic",Frozen: -80Celsius  or colderFreeze-Dried: 2Celsius  to 8Celsius Live Culture: See Propagation Section,NA,NA,NA,https://www.atcc.org/~/ps/17886-B4.ashx
Staphylococcus aureus subsp. aureus bacteriophage 88 (ATCC 33742-B1),$376.00,$319.60,NA,88,88,1,frozen,ATCC  1418: Phage 88,"Temperature: 37Celsius 
Atmosphere: Aerobic",-80Celsius  or colder,NA,NA,Assay of methicillin-resistant strains,https://www.atcc.org/~/ps/33742-B1.ashx
Bacteroides fragilis bacteriophage B56-3 (ATCC 700786-B1),$376.00,$319.60,NA,B56-3,B56-3,2,freeze-dried,NA,NA,NA,NA,NA,"Detection ofDetection of bacteriophagesReference phage for ISO 107054, Standard Method for Detection and Enumeration of Bacteriophages Infecting Bacteroides fragilisWater testing",https://www.atcc.org/~/ps/700786-B1.ashx
Escherichia coli bacteriophage PR772 (ATCC BAA-769-B1),$402.00,$341.70,NA,NA,PR772 (HER 221),1,frozen,ATCC  18: Trypticase Soy Agar/Broth,"Temperature: 37Celsius 
Atmosphere: Aerobic",Frozen: -80Celsius  or colderFreeze-Dried: 2Celsius  to 8Celsius Live Culture: See Propagation Section,NA,NA,NA,https://www.atcc.org/~/ps/BAA-769-B1.ashx
Escherichia coli bacteriophage Q-β (ATCC 23631-B1),"For-Profit:
$235.00",,NA,Q-beta,Q-beta,1,freeze-dried,ATCC  603: TYG medium,"Temperature: 37Celsius 
Atmosphere: Aerobic",Frozen: -80Celsius  or colderFreeze-Dried: 2Celsius  to 8Celsius Live Culture: See Propagation Section,NA,NA,NA,https://www.atcc.org/~/ps/23631-B1.ashx
Bacillus subtilis bacteriophage SPO1 (ATCC 27370-B1),$376.00,$319.60,NA,SPO1,SPO1,1,frozen,ATCC  265: Enriched nutrient broth,"Temperature: 37Celsius 
Atmosphere: Aerobic",Frozen: -80Celsius  or colderFreeze-Dried: 2Celsius  to   8Celsius Live Culture: See Propagation Section,NA,NA,NA,https://www.atcc.org/~/ps/27370-B1.ashx
Escherichia coli bacteriophage lambda standard (ATCC 23724-B2),$402.00,$341.70,NA,λ standard,λ standard,1,freeze-dried,ATCC  595: TNT medium,Temperature: 37Celsius Atmosphere: Aerobic,Frozen: -80Celsius  or colderFreeze-Dried: 2Celsius  to 8Celsius Live Culture: See Propagation Section,NA,NA,NA,https://www.atcc.org/~/ps/23724-B2.ashx
Bacteroides fragilis bacteriophage B40-8 (ATCC 51477-B1),$376.00,$319.60,NA,B40-8,B40-8,2,freeze-dried,ATCC  1490: Modified chopped meat medium,"Temperature: 37Celsius 
Atmosphere: Anaerobic",Frozen: -80Celsius  or colderFreeze-Dried: 2Celsius  to 8Celsius Live Culture: See Propagation Section,NA,NA,Reference phage for ATCC 51477,https://www.atcc.org/~/ps/51477-B1.ashx
Bacillus subtilis bacteriophage S-a (ATCC 15841-B1),$376.00,$319.60,NA,S-a bacteriophage,S-a,1,freeze-dried,ATCC  3: Nutrient agar or nutrient broth,Temperature: 37Celsius Atmosphere: Aerobic,Frozen: -80Celsius  or colderFreeze-Dried: 2Celsius  to 8Celsius Live Culture: See Propagation Section,NA,NA,NA,https://www.atcc.org/~/ps/15841-B1.ashx
Lactobacillus plantarum bacteriophage (ATCC 8014-B2),$402.00,$341.70,NA,Lactobacillus plantarum phage,NA,1,freeze-dried,ATCC  416: Lactobacilli MRS Agar/Broth,Temperature: 37Celsius Atmosphere: Aerobic,Frozen: -80Celsius  or colderFreeze-Dried: 2Celsius  to 8Celsius Live Culture: See Propagation Section,NA,NA,NA,https://www.atcc.org/~/ps/8014-B2.ashx
Bacillus anthracis bacteriophage WIP-1 (ATCC BAA-1254-B2),$376.00,$319.60,NA,NA,Wip1,1,frozen,ATCC  44: Brain Heart Infusion Agar/Broth,Temperature:  30Celsius  Atmosphere:  Aerobic,NA,NA,NA,NA,https://www.atcc.org/~/ps/BAA-1254-B2.ashx
Enterococcus faecalis bacteriophage VD 13 (ATCC 29200-B1),$376.00,$319.60,NA,VD13,VD13,1,freeze-dried,NA,NA,NA,NA,NA,NA,https://www.atcc.org/~/ps/29200-B1.ashx
Escherichia coli bacteriophage Mu-1  (ATCC 23724-B9),$376.00,$319.60,NA,Mu-1,Mu-1,1,frozen,ATCC  595: TNT medium,"Temperature: 37Celsius 
Atmosphere: Aerobic",Frozen: -80Celsius  or colderFreeze-Dried: 2Celsius  to 8Celsius Live Culture: See Propagation Section,NA,NA,NA,https://www.atcc.org/~/ps/23724-B9.ashx
Escherichia coli bacteriophage Phi X174 (ATCC 13706-B1),$251.00,$213.35,NA,Phi X174,Phi X174,1,frozen,ATCC  129: Nutrient agar/stabs/broth with 0.5% NaCl,Temperature: 37Celsius Atmosphere: Aerobic,Frozen: -80Celsius  or colderFreeze-Dried: 2Celsius  to 8Celsius Live Culture: See Propagation Section,NA,NA,Control CultureResistance TestingColiphages in waterControl strainDetection of bacteriophagesReporter constructTestingTesting polyethylene filmWater testing,https://www.atcc.org/~/ps/13706-B1.ashx
Escherichia coli bacteriophage M13 (ATCC 15669-B1),$402.00,$341.70,NA,M13,M13,1,freeze-dried,"ATCC  274: Tryptone broth, 1%",Temperature: 37Celsius Atmosphere: Aerobic,Frozen: -80Celsius  or colderFreeze-Dried: 2Celsius  to 8Celsius Live Culture: See Propagation Section,NA,NA,NA,https://www.atcc.org/~/ps/15669-B1.ashx
Staphylococcus aureus subsp. aureus bacteriophage 52 (ATCC 27692-B1),$67.00,$56.95,NA,CDC 52,CDC 52,1,frozen,ATCC  1831: Nutrient Broth/Agar w/ 400ug/ml Calcium Chloride,"Temperature: 37Celsius 
Atmosphere: Aerobic",Frozen: -80Celsius  or colderFreeze-Dried: 2Celsius  to 8Celsius Live Culture: See Propagation Section,NA,NA,NA,https://www.atcc.org/~/ps/27692-B1.ashx
Escherichia coli bacteriophage lambda C-17 (ATCC 23724-B1),$376.00,$319.60,NA,lambda C-17,Lambda C-17,1,freeze-dried,NA,NA,NA,NA,NA,NA,https://www.atcc.org/~/ps/23724-B1.ashx
Streptococcus sp. bacteriophage 118 (ATCC 19951-B2),$376.00,$319.60,NA,118,118,1,frozen,ATCC  44: Brain Heart Infusion Agar/Broth,Temperature: 37Celsius Atmosphere: Aerobic,Frozen: -80Celsius  or colderFreeze-Dried: 2Celsius  to 8Celsius Live Culture: See Propagation Section,NA,NA,NA,https://www.atcc.org/~/ps/19951-B2.ashx
Staphylococcus aureus subsp. aureus bacteriophage CDC 52A (ATCC 27693-B1),$235.00,$199.75,NA,CDC 52A,CDC 52A,1,freeze-dried,ATCC  1831: Nutrient Broth/Agar w/ 400ug/ml Calcium Chloride,Temperature: 37Celsius Atmosphere: Aerobic,Store filtrate at 4Celsius . Storage at 20Celsius  may cause inactivation of the phage.,NA,NA,NA,https://www.atcc.org/~/ps/27693-B1.ashx
Enterococcus faecalis bacteriophage 42 (ATCC 19948-B1),"For-Profit:
$550.00",,NA,42,42,1,freeze-dried,ATCC  44: Brain Heart Infusion Agar/Broth,Temperature: 37Celsius Atmosphere: Aerobic,Frozen: -80Celsius  or colderFreeze-Dried: 2Celsius  to 8Celsius Live Culture: See Propagation Section,NA,NA,NA,https://www.atcc.org/~/ps/19948-B1.ashx
Pseudomonas aeruginosa bacteriophage PB-1 (ATCC 15692-B3),$402.00,$341.70,NA,PB-1,PB-1,1,freeze-dried,ATCC  129: Nutrient agar/stabs/broth with 0.5% NaCl,Temperature: 37Celsius Atmosphere: Aerobic,Frozen: -80Celsius  or colderFreeze-Dried: 2Celsius  to 8Celsius Live Culture: See Propagation Section,NA,NA,NA,https://www.atcc.org/~/ps/15692-B3.ashx
Mycobacterium fortuitum subsp. fortuitum bacteriophage Minetti (ATCC 23052-B1),$550.00,$467.50,NA,Minetti,Minetti,2,freeze-dried,NA,NA,NA,NA,NA,NA,https://www.atcc.org/~/ps/23052-B1.ashx
Vibrio cholerae bacteriophage 145 (ATCC 14100-B2),$376.00,$319.60,NA,145,145,1,freeze-dried,ATCC  265: Enriched nutrient broth,Temperature: 37Celsius Atmosphere: Aerobic,Frozen: -80Celsius  or colderFreeze-Dried: 2Celsius  to 8Celsius Live Culture: See Propagation Section,NA,NA,NA,https://www.atcc.org/~/ps/14100-B2.ashx
Salmonella enterica subsp. enterica serovar Typhi bacteriophage Vi I (ATCC 27870-B1),$376.00,$319.60,NA,Vi I,Vi I,1,frozen,NA,NA,NA,NA,NA,NA,https://www.atcc.org/~/ps/27870-B1.ashx
Escherichia coli bacteriophage T2 (ATCC 11303-B2),$67.00,$56.95,NA,T2,T2,1,frozen,ATCC  129: Nutrient agar/stabs/broth with 0.5% NaCl,Temperature: 37Celsius Atmosphere:  Aerobic,Frozen: -80Celsius  or colderFreeze-Dried: 2Celsius  to 8Celsius Live Culture: See Propagation Section,NA,NA,NA,https://www.atcc.org/~/ps/11303-B2.ashx
Pseudoalteromonas espejiana bacteriophage PM2 (ATCC 27025-B1),$376.00,$319.60,NA,PM2,PM2,1,frozen,ATCC  588: AMS medium,"Temperature: 30Celsius 
Atmosphere: Aerobic",Frozen: -80Celsius  or colderFreeze-Dried: 2Celsius  to 8Celsius Live Culture: See Propagation Section,NA,NA,NA,https://www.atcc.org/~/ps/27025-B1.ashx
Escherichia coli bacteriophage phi 92 (ATCC 35860-B1),$376.00,$319.60,NA,phi 92,Phi 92,1,freeze-dried,NA,NA,NA,NA,NA,Produces endo-N-acetylneuraminidase,https://www.atcc.org/~/ps/35860-B1.ashx
Escherichia coli bacteriophage rH88 (ATCC 11303-B33),$235.00,$199.75,NA,rH88,rH88,1,freeze-dried,ATCC  129: Nutrient agar/stabs/broth with 0.5% NaCl,Temperature: 37Celsius Atmosphere: Aerobic,Frozen: -80Celsius  or colderFreeze-Dried: 2Celsius  to 8Celsius Live Culture: See Propagation Section,NA,NA,NA,https://www.atcc.org/~/ps/11303-B33.ashx
Enterococcus faecium bacteriophage 113 (ATCC 19950-B1),"For-Profit:
$235.00",,NA,113,113,1,frozen,ATCC  44: Brain Heart Infusion Agar/Broth,Temperature: 37Celsius Atmosphere: Aerobic,Frozen: -80Celsius  or colderFreeze-Dried: 2Celsius  to 8Celsius Live Culture: See Propagation Section,NA,NA,NA,https://www.atcc.org/~/ps/19950-B1.ashx
Escherichia coli bacteriophage T4 (ATCC 11303-B41),$235.00,$199.75,NA,T4,"T4 rII 1241, partial deletion rII",1,freeze-dried,ATCC  129: Nutrient agar/stabs/broth with 0.5% NaCl,Temperature: 37Celsius Atmosphere: Aerobic,Frozen: -80Celsius  or colderFreeze-Dried: 2Celsius  to 8Celsius Live Culture: See Propagation Section,NA,NA,NA,https://www.atcc.org/~/ps/11303-B41.ashx
Pantoea ananatis bacteriophage Erh1 (ATCC 8366-B1),$376.00,$319.60,NA,Erh1,Erh 1,1,freeze-dried,NA,NA,NA,NA,NA,NA,https://www.atcc.org/~/ps/8366-B1.ashx
Staphylococcus aureus subsp. aureus bacteriophage CDC 81 (ATCC 27701-B1),$235.00,$199.75,NA,CDC 81,CDC 81,1,freeze-dried,ATCC  1831: Nutrient Broth/Agar w/ 400ug/ml Calcium Chloride,Temperature: 37Celsius Atmosphere: Aerobic,Store filtrate at 4Celsius .  Storage at 20Celsius  may cause inactivation of the phage.,NA,NA,NA,https://www.atcc.org/~/ps/27701-B1.ashx
Pseudomonas aeruginosa bacteriophage F116 (ATCC BAA-47-B1),$376.00,$319.60,NA,F116,HER-18 [F116L],2,freeze-dried,ATCC  18: Trypticase Soy Agar/Broth,Temperature: 37Celsius Atmosphere: Aerobic,2Celsius  to 8Celsius,NA,NA,NA,https://www.atcc.org/~/ps/BAA-47-B1.ashx
Escherichia coli bacteriophage T3 (ATCC 11303-B3),$376.00,$319.60,NA,T3,T3,1,freeze-dried,ATCC  129: Nutrient agar/stabs/broth with 0.5% NaCl,Temperature: 37Celsius Atmosphere: Aerobic,Frozen: -80Celsius  or colderFreeze-Dried: 2Celsius  to 8Celsius Live Culture: See Propagation Section,NA,NA,NA,https://www.atcc.org/~/ps/11303-B3.ashx
Pseudomonas aeruginosa bacteriophage PP7  (ATCC 15692-B4),$376.00,$319.60,NA,PP7,"PP7 [ATCC 15692-B2, ATCC 25247-B1]",1,freeze-dried,ATCC  129: Nutrient agar/stabs/broth with 0.5% NaCl,"Temperature: 37Celsius 
Atmosphere: Aerobic",Frozen: -80Celsius  or colderFreeze-Dried: 2Celsius  to 8Celsius Live Culture: See Propagation Section,NA,NA,NA,https://www.atcc.org/~/ps/15692-B4.ashx
Vibrio sp. bacteriophage (ATCC 11985-B1),$376.00,$319.60,NA,Vibrio sp. phage,NA,1,frozen,ATCC  8: Nutrient Agar/Broth w/ 3% NaCl,Temperature: 26Celsius Atmosphere: Aerobic,Frozen: -80Celsius  or colderFreeze-Dried: 2Celsius  to 8Celsius Live Culture: See Propagation Section,NA,NA,NA,https://www.atcc.org/~/ps/11985-B1.ashx
Vibrio cholerae bacteriophage 138 pe/8 (ATCC 14100-B1),$376.00,$319.60,NA,138,138,1,freeze-dried,ATCC  265: Enriched nutrient broth,Temperature: 37Celsius Atmosphere: Aerobic,Frozen: -80Celsius  or colderFreeze-Dried: 2Celsius  to 8Celsius Live Culture: See Propagation Section,NA,NA,NA,https://www.atcc.org/~/ps/14100-B1.ashx
Staphylococcus aureus subsp. aureus bacteriophage 3C (ATCC 27703-B1),$235.00,$199.75,NA,3C,3C,1,freeze-dried,ATCC  1831: Nutrient Broth/Agar w/ 400ug/ml Calcium Chloride,Temperature: 37Celsius Atmosphere: Aerobic,Store filtrate at 4Celsius .  Storage at 20Celsius  may cause inactivation of the phage.,NA,NA,NA,https://www.atcc.org/~/ps/27703-B1.ashx
Vibrio cholerae bacteriophage IV (ATCC 51352-B9),$376.00,$319.60,NA,IV,IV,1,frozen,ATCC  129: Nutrient agar/stabs/broth with 0.5% NaCl,Temperature: 37Celsius Atmosphere: Aerobic,Frozen: -80Celsius  or colderFreeze-Dried: 2Celsius  to 8Celsius Live Culture: See Propagation Section,NA,NA,NA,https://www.atcc.org/~/ps/51352-B9.ashx
Salmonella enterica subsp. enterica serovar Typhimurium bacteriophage P22 (ATCC 97540),"For-Profit:
$235.00",,NA,NA,P22 [Argo4],1,freeze-dried,"ATCC  1065: LB Agar/Broth, Miller","Temperature: 37Celsius 
Atmosphere: Aerobic",Frozen: -80Celsius  or colderFreeze-Dried: 2Celsius  to 8Celsius Live Culture: See Propagation Section,NA,NA,"Potential bacteremia therapeutic agent
This is one of six bacteriophage strains deposited at the ATCC (97537-97539 are lambda strains and 97540-97542 are P22 strains) that remain in the mouse circulatory system for long periods of time. They are potential therapeutic agents for bacteremias.",https://www.atcc.org/~/ps/97540.ashx
Pseudomonas aeruginosa bacteriophage 113 (ATCC 14213-B1),"For-Profit:
$235.00",,NA,113,113,1,freeze-dried,ATCC  44: Brain Heart Infusion Agar/Broth,"Temperature: 37Celsius Atmosphere: 

Aerobic",Frozen: -80Celsius  or colderFreeze-Dried: 2Celsius  to   8Celsius Live Culture: See Propagation Section,NA,NA,NA,https://www.atcc.org/~/ps/14213-B1.ashx
Escherichia coli bacteriophage T7 (ATCC BAA-1025-B2),$402.00,$341.70,NA,Escherichia coli phage,T7,1,freeze-dried,ATCC  129: Nutrient agar/stabs/broth with 0.5% NaCl,Temperature: 37Celsius Atmosphere: Aerobic,Frozen: -80Celsius  or colderFreeze-Dried: 2Celsius  to 8Celsius Live Culture: See Propagation Section,NA,NA,NA,https://www.atcc.org/~/ps/BAA-1025-B2.ashx
Salmonella enterica subsp. enterica serovar Typhimurium bacteriophage P22 (ATCC 19585-B1),$235.00,$199.75,NA,P22,P22 [PLT-22(22)],1,freeze-dried,ATCC  129: Nutrient agar/stabs/broth with 0.5% NaCl,Temperature: 37Celsius Atmosphere: Aerobic,Frozen: -80Celsius  or colderFreeze-Dried: 2Celsius  to 8Celsius Live Culture: See Propagation Section,NA,NA,Emerging infectious disease research,https://www.atcc.org/~/ps/19585-B1.ashx
Escherichia coli bacteriophage T4 (ATCC 11303-B4),$72.00,$61.20,NA,T4,T4,1,frozen,ATCC  129: Nutrient agar/stabs/broth with 0.5% NaCl,Temperature: 37Celsius Atmosphere: Aerobic,Frozen: -80Celsius  or colderFreeze-Dried: 2Celsius  to 8Celsius Live Culture: See Propagation Section,NA,NA,Testing of aerosol containment on cell sorters,https://www.atcc.org/~/ps/11303-B4.ashx
Staphylococcus aureus subsp. aureus bacteriophage 71 (ATCC 27697-B1),"For-Profit:
$235.00",,NA,71,71,1,frozen,ATCC  1831: Nutrient Broth/Agar w/ 400ug/ml Calcium Chloride,Temperature: 37Celsius Atmosphere: Aerobic,Store filtrate at 4Celsius .  Storage at 20Celsius  may cause inactivation of the phage.,NA,NA,NA,https://www.atcc.org/~/ps/27697-B1.ashx
Staphylococcus aureus subsp. aureus bacteriophage 3A (ATCC 27702-B1),"For-Profit:
$235.00",,NA,3A,3A,1,freeze-dried,ATCC  1831: Nutrient Broth/Agar w/ 400ug/ml Calcium Chloride,Temperature: 37Celsius Atmosphere: Aerobic,Store filtrate at 4Celsius .  Storage at 20Celsius  may cause inactivation of the phage.,NA,NA,NA,https://www.atcc.org/~/ps/27702-B1.ashx
Mycobacterium tuberculosis bacteriophage DS6A (ATCC 25618-B2),"$1,159.00",$985.15,NA,DS6A,DS6A,3,frozen,NA,NA,NA,NA,NA,NA,https://www.atcc.org/en/My_Profile.aspx?sc_device=modal&streamfile=/~/ps/25618-B2.ashx&reloadafterclose=true
Streptococcus sp. bacteriophage (ATCC 21597-B1),"For-Profit:
$235.00",,NA,Streptococcus phage,NA,2,freeze-dried,NA,NA,NA,NA,NA,Induction of lytic enzyme in Streptococcus sp. Group C,https://www.atcc.org/~/ps/21597-B1.ashx
Xanthomonas citri subsp. malvacearum bacteriophage K (ATCC 14986-B1),"For-Profit:
$550.00",,NA,K,IMI strain K,1,frozen,ATCC  268: Peptone sucrose broth,Temperature: 26Celsius Atmosphere: Aerobic,Frozen: -80Celsius  or colderFreeze-Dried: 2Celsius  to 8Celsius Live Culture: See Propagation Section,NA,NA,NA,https://www.atcc.org/~/ps/14986-B1.ashx
Xanthomonas citri subsp. malvacearum bacteriophage D (ATCC 14983-B1),$550.00,$467.50,NA,D,IMI strain D,1,frozen,ATCC  268: Peptone sucrose broth,Temperature: 26Celsius Atmosphere: Aerobic,Frozen: -80Celsius  or colderFreeze-Dried: 2Celsius  to 8Celsius Live Culture: See Propagation Section,NA,NA,NA,https://www.atcc.org/~/ps/14983-B1.ashx
Xanthomonas citri subsp. malvacearum bacteriophage J (ATCC 14984-B1),$550.00,$467.50,NA,J,IMI strain J,1,frozen,ATCC  268: Peptone sucrose broth,Temperature: 26Celsius Atmosphere: Aerobic,Frozen: -80Celsius  or colderFreeze-Dried: 2Celsius  to 8Celsius Live Culture: See Propagation Section,NA,NA,NA,https://www.atcc.org/~/ps/14984-B1.ashx
Xanthomonas citri subsp. malvacearum bacteriophage E (ATCC 14985-B1),$550.00,$467.50,NA,E,IMI strain E,1,frozen,ATCC  268: Peptone sucrose broth,Temperature: 26Celsius Atmosphere: Aerobic,Frozen: -80Celsius  or colderFreeze-Dried: 2Celsius  to 8Celsius Live Culture: See Propagation Section,NA,NA,NA,https://www.atcc.org/~/ps/14985-B1.ashx
Xanthomonas citri subsp. malvacearum bacteriophage C (ATCC 14982-B1),$550.00,$467.50,NA,C,IMI strain C,1,frozen,ATCC  268: Peptone sucrose broth,Temperature: 26Celsius Atmosphere: Aerobic,Frozen: -80Celsius  or colderFreeze-Dried: 2Celsius  to 8Celsius Live Culture: See Propagation Section,NA,NA,NA,https://www.atcc.org/~/ps/14982-B1.ashx
Lacticaseibacillus paracasei bacteriophage J1 (ATCC 27139-B1),$550.00,$467.50,NA,J1,J1,1,freeze-dried,NA,NA,NA,NA,NA,NA,https://www.atcc.org/~/ps/27139-B1.ashx
Vibrio cholerae bacteriophage S-20 (ATCC 51352-B3),$550.00,$467.50,NA,S-20,S-20,1,freeze-dried,ATCC  129: Nutrient agar/stabs/broth with 0.5% NaCl,Temperature: 37Celsius Atmosphere: Aerobic,Frozen: -80Celsius  or colderFreeze-Dried: 2Celsius  to 8Celsius Live Culture: See Propagation Section,NA,NA,NA,https://www.atcc.org/~/ps/51352-B3.ashx
Staphylococcus aureus subsp. aureus bacteriophage 187 (ATCC 15564-B1),"For-Profit:
$550.00",,NA,187,187 [NCTC 9753],1,freeze-dried,ATCC  18: Trypticase Soy Agar/Broth,Temperature: 30Celsius Atmosphere: Aerobic,Frozen: -80Celsius  or colderFreeze-Dried: 2Celsius  to 8Celsius Live   Culture: See Propagation Section,NA,NA,NA,https://www.atcc.org/~/ps/15564-B1.ashx
Bacillus subtilis bacteriophage SPP1 (ATCC 27689-B1),"For-Profit:
$550.00",,NA,SPP1,SPP1,1,frozen,NA,NA,NA,NA,NA,NA,https://www.atcc.org/~/ps/27689-B1.ashx
Escherichia coli bacteriophage T7M (Meselson) (ATCC 11303-B38),$550.00,$467.50,NA,T7M (Meselson),T7M (Meselson),1,freeze-dried,ATCC  129: Nutrient agar/stabs/broth with 0.5% NaCl,"Temperature: 37Celsius 
Atmosphere: Aerobic",Frozen: -80Celsius  or colderFreeze-Dried: 2Celsius  to 8Celsius Live Culture: See Propagation Section,NA,NA,NA,https://www.atcc.org/~/ps/11303-B38.ashx
Escherichia coli bacteriophage 250 (ATCC 11303-B20),"For-Profit:
$235.00",,NA,250,250,1,freeze-dried,ATCC  129: Nutrient agar/stabs/broth with 0.5% NaCl,Temperature: 37Celsius Atmosphere: Aerobic,Frozen: -80Celsius  or colderFreeze-Dried: 2Celsius  to 8Celsius Live Culture: See Propagation Section,NA,NA,NA,https://www.atcc.org/~/ps/11303-B20.ashx
Hafnia alvei bacteriophage 1672 (ATCC 51873-B1),,,NA,1672,1672 [HER 272],1,freeze-dried,ATCC  3: Nutrient agar or nutrient broth,Temperature: 30Celsius Atmosphere: Aerobic,Frozen: -80Celsius  or colderFreeze-Dried: 2Celsius  to 8Celsius Live Culture: See Propagation Section,NA,NA,NA,https://www.atcc.org/~/ps/51873-B1.ashx
Staphylococcus aureus subsp. aureus bacteriophage 42E (ATCC 27690-B1),"For-Profit:
$376.00",,NA,42E,42E,1,freeze-dried,ATCC  1831: Nutrient Broth/Agar w/ 400ug/ml Calcium Chloride,Temperature: 37Celsius Atmosphere: Aerobic,Store filtrate at 4Celsius .  Storage at 20Celsius  may cause inactivation of the phage.,NA,NA,NA,https://www.atcc.org/~/ps/27690-B1.ashx
Streptococcus pyogenes bacteriophage A1 (ATCC 12202-B1),"For-Profit:
$235.00",,NA,A1,A1,1,frozen,ATCC  44: Brain Heart Infusion Agar/Broth,Temperature: 37Celsius Atmosphere: Aerobic,Frozen: -80Celsius  or colderFreeze-Dried: 2Celsius  to 8Celsius Live Culture: See Propagation Section,NA,NA,NA,https://www.atcc.org/~/ps/12202-B1.ashx
Vibrio cholerae bacteriophage M-4 (ATCC 51352-B4),$550.00,$467.50,NA,M-4,M-4,1,freeze-dried,ATCC  129: Nutrient agar/stabs/broth with 0.5% NaCl,Temperature: 37Celsius Atmosphere: Aerobic,Frozen: -80Celsius  or colderFreeze-Dried: 2Celsius  to 8Celsius Live Culture: See Propagation Section,NA,NA,NA,https://www.atcc.org/~/ps/51352-B4.ashx
Campylobacter jejuni subsp. jejuni bacteriophage 12 (ATCC 35922-B2),"For-Profit:
$235.00",,NA,12,12 [WI 3106],1,frozen,NA,NA,NA,NA,NA,NA,https://www.atcc.org/~/ps/35922-B2.ashx
Escherichia coli bacteriophage PhiXcs70am-3 (ATCC 49696-B1),$550.00,$467.50,NA,phiXcs70am-3,PhiXcs70am-3,1,frozen,NA,NA,NA,NA,NA,NA,https://www.atcc.org/~/ps/49696-B1.ashx
Pseudomonas aeruginosa bacteriophage M6 (ATCC BAA-31-B1),"For-Profit:
$550.00",,NA,M6,HER-17 [M6Lindberg],1,freeze-dried,ATCC  18: Trypticase Soy Agar/Broth,Temperature: 37.0Celsius Atmosphere: Aerobic,NA,NA,NA,NA,https://www.atcc.org/~/ps/BAA-31-B1.ashx
Staphylococcus aureus subsp. aureus bacteriophage 17 (ATCC 23361-B1),$550.00,$467.50,NA,17,17,1,frozen,ATCC  1831: Nutrient Broth/Agar w/ 400ug/ml Calcium Chloride,Temperature: 37Celsius Atmosphere: Aerobic,Store vial at 4Celsius  upon receipt.  Storage at 20Celsius  may cause inactivation of the phage.,NA,NA,NA,https://www.atcc.org/~/ps/23361-B1.ashx
Xanthomonas campestris bacteriophage RR 68 (ATCC 33437-B1),$550.00,$467.50,NA,RR 68,RR 68,1,freeze-dried,NA,NA,NA,NA,NA,Characterization,https://www.atcc.org/~/ps/33437-B1.ashx
Escherichia coli bacteriophage 205 (ATCC 11303-B12),$550.00,$467.50,NA,205,205,1,freeze-dried,ATCC  129: Nutrient agar/stabs/broth with 0.5% NaCl,Temperature: 37Celsius Atmosphere: Aerobic,Frozen: -80Celsius  or colderFreeze-Dried: 2Celsius  to 8Celsius Live Culture: See Propagation Section,NA,NA,NA,https://www.atcc.org/~/ps/11303-B12.ashx
Staphylococcus aureus subsp. aureus bacteriophage CDC 80 (ATCC 27700-B1),$550.00,$467.50,NA,CDC 80,CDC 80,1,freeze-dried,ATCC  1831: Nutrient Broth/Agar w/ 400ug/ml Calcium Chloride,Temperature: 37Celsius Atmosphere: Aerobic,Store filtrate at 4Celsius .  Storage at 20Celsius  may cause inactivation of the phage.,NA,NA,NA,https://www.atcc.org/~/ps/27700-B1.ashx
Pseudomonas aeruginosa bacteriophage Lindberg 16 (ATCC BAA-27-B1),$550.00,$467.50,NA,PB-1,HER-2 [16Lindberg],1,freeze-dried,ATCC  18: Trypticase Soy Agar/Broth,Temperature: 37.0Celsius Atmosphere: Aerobic,NA,NA,NA,NA,https://www.atcc.org/~/ps/BAA-27-B1.ashx
Staphylococcus aureus subsp. aureus bacteriophage P1 (ATCC 11987-B1),$550.00,$467.50,NA,P1,P1,1,freeze-dried,ATCC  44: Brain Heart Infusion Agar/Broth,Temperature: 37Celsius Atmosphere: Aerobic,Frozen: -80Celsius  or colderFreeze-Dried: 2Celsius  to 8Celsius Live   Culture: See Propagation Section,NA,NA,NA,https://www.atcc.org/~/ps/11987-B1.ashx
Pseudomonas aeruginosa bacteriophage 249 (ATCC 14214-B1),$550.00,$467.50,NA,249,249,1,freeze-dried,ATCC  44: Brain Heart Infusion Agar/Broth,"Temperature: 37Celsius Atmosphere: 

Aerobic",Frozen: -80Celsius  or colderFreeze-Dried: 2Celsius  to   8Celsius Live Culture: See Propagation Section,NA,NA,NA,https://www.atcc.org/~/ps/14214-B1.ashx
Escherichia coli bacteriophage fd (ATCC 15669-B2),$550.00,$467.50,NA,fd,fd,1,freeze-dried,"ATCC  274: Tryptone broth, 1%","Temperature: 37Celsius Atmosphere: 

Aerobic",Frozen: -80Celsius  or colderFreeze-Dried: 2Celsius  to   8Celsius Live Culture: See Propagation Section,NA,NA,NA,https://www.atcc.org/~/ps/15669-B2.ashx
Mycobacterium sp. bacteriophage B1 (ATCC 23239-B1),$550.00,$467.50,NA,B1,B1,1,freeze-dried,NA,NA,NA,NA,NA,NA,https://www.atcc.org/~/ps/23239-B1.ashx
Lactobacillus paracasei subsp. paracasei bacteriophage PL-1 (ATCC 27092-B1),$550.00,$467.50,NA,PL-1,PL-1,1,freeze-dried,NA,NA,NA,NA,NA,NA,https://www.atcc.org/~/ps/27092-B1.ashx
Vibrio cholerae bacteriophage II (ATCC 51352-B7),"For-Profit:
$550.00",,NA,II,II,1,freeze-dried,ATCC  129: Nutrient agar/stabs/broth with 0.5% NaCl,Temperature: 37Celsius Atmosphere: Aerobic,Frozen: -80Celsius  or colderFreeze-Dried: 2Celsius  to 8Celsius Live Culture: See Propagation Section,NA,NA,NA,https://www.atcc.org/~/ps/51352-B7.ashx
Pseudomonas aeruginosa bacteriophage Lindberg 44 (ATCC BAA-81-B1),"For-Profit:
$550.00",,NA,PB-1,HER-6 [44Lindberg],1,freeze-dried,ATCC  18: Trypticase Soy Agar/Broth,Temperature: 37Celsius Atmosphere: Aerobic,Frozen: -80Celsius  or colderFreeze-Dried: 2Celsius  to 8Celsius Live Culture: See Propagation Section,NA,NA,NA,https://www.atcc.org/~/ps/BAA-81-B1.ashx
Staphylococcus aureus subsp. aureus bacteriophage 77 (ATCC 27699-B1),$550.00,$467.50,NA,77,77,1,freeze-dried,ATCC  1831: Nutrient Broth/Agar w/ 400ug/ml Calcium Chloride,Temperature: 37Celsius Atmosphere: Aerobic,Store filtrate at 4Celsius .  Storage at 20Celsius  may cause inactivation of the phage.,NA,NA,NA,https://www.atcc.org/~/ps/27699-B1.ashx
Mycobacterium sp. bacteriophage (ATCC 11760-B1),"For-Profit:
$235.00",,NA,Mycobacterium sp. phage,NA,2,freeze-dried,"ATCC  1395: Middlebrook 7H9 broth with ADC enrichment
ATCC  173: Middlebrook 7H10 agar with Middlebrook OADC enrichment",Temperature: 37Celsius Atmosphere: Aerobic,Frozen: -80Celsius  or colderFreeze-Dried: 2Celsius  to 8Celsius Live Culture: See Propagation Section,NA,NA,NA,https://www.atcc.org/~/ps/11760-B1.ashx
Escherichia coli bacteriophage fd (ATCC 15669-B2),"For-Profit:
$402.00",,NA,fd,fd,1,freeze-dried,"ATCC  274: Tryptone broth, 1%","Temperature: 37Celsius Atmosphere: 

Aerobic",Frozen: -80Celsius  or colderFreeze-Dried: 2Celsius  to   8Celsius Live Culture: See Propagation Section,NA,NA,NA,https://www.atcc.org/~/ps/15669-B2.ashx
Campylobacter jejuni subsp. jejuni bacteriophage 7 (ATCC 35922-B1),"For-Profit:
$235.00",,NA,7,7 [L2 106],1,frozen,NA,NA,NA,NA,NA,NA,https://www.atcc.org/~/ps/35922-B1.ashx
Staphylococcus aureus subsp. aureus bacteriophage 92 (ATCC 33741-B1),$550.00,$467.50,NA,92,92,1,freeze-dried,ATCC  1831: Nutrient Broth/Agar w/ 400ug/ml Calcium Chloride,"Temperature: 37Celsius 
Atmosphere: Aerobic",Store filtrate at 4Celsius .  Storage at -20Celsius  may cause inactivation of the phage.,NA,NA,Assay of methicillin-resistant strains,https://www.atcc.org/~/ps/33741-B1.ashx
Bacillus stearothermophilus bacteriophage (ATCC 12016-B1),$550.00,$467.50,NA,Bacillus stearothermophilus phage,NA,1,freeze-dried,ATCC  266: Trypticase broth (supplemented),Temperature: 55Celsius Atmosphere: Aerobic,Frozen: -80Celsius  or colderFreeze-Dried: 2Celsius  to 8Celsius Live Culture: See Propagation Section,NA,NA,NA,https://www.atcc.org/~/ps/12016-B1.ashx
Bacillus weihenstephanensis bacteriophage (ATCC 12826-B2),"For-Profit:
$376.00",,NA,Bacillus cereus phage,NA,1,frozen,ATCC  3: Nutrient agar or nutrient broth,Temperature: 30Celsius Atmosphere: Aerobic,Frozen: -80Celsius  or colderFreeze-Dried: 2Celsius  to 8Celsius Live Culture: See Propagation Section,NA,NA,NA,https://www.atcc.org/~/ps/12826-B2.ashx
Escherichia coli bacteriophage Alpha 3 (ATCC 13706-B2),"For-Profit:
$251.00",,NA,alpha 3,Alpha 3,1,freeze-dried,ATCC  129: Nutrient agar/stabs/broth with 0.5% NaCl,Temperature: 37Celsius Atmosphere: Aerobic,Frozen: -80Celsius  or colderFreeze-Dried: 2Celsius  to 8Celsius Live Culture: See Propagation Section,NA,NA,NA,https://www.atcc.org/~/ps/13706-B2.ashx
Staphylococcus aureus subsp. aureus bacteriophage CDC 47 (ATCC 27691-B1),$550.00,$467.50,NA,CDC 47,CDC 47,1,freeze-dried,ATCC  1831: Nutrient Broth/Agar w/ 400ug/ml Calcium Chloride,Temperature: 37Celsius Atmosphere: Aerobic,Store filtrate at 4Celsius .  Storage at 20Celsius  may cause inactivation of the phage.,NA,NA,NA,https://www.atcc.org/~/ps/27691-B1.ashx
Staphylococcus aureus subsp. aureus bacteriophage 53 (ATCC 27694-B1),$550.00,$467.50,NA,CDC 53,CDC 53,1,freeze-dried,ATCC  1831: Nutrient Broth/Agar w/ 400ug/ml Calcium Chloride,"Temperature: 37Celsius 
Atmosphere: Aerobic",Frozen: -80Celsius  or colderFreeze-Dried: 2Celsius  to 8Celsius Live Culture: See Propagation Section,NA,NA,NA,https://www.atcc.org/~/ps/27694-B1.ashx
Mycobacterium smegmatis bacteriophage (ATCC 11727-B1),"For-Profit:
$235.00",,NA,Mycobacterium smegmatis phage,NA,1,freeze-dried,"ATCC  1395: Middlebrook 7H9 broth with ADC enrichment
ATCC  173: Middlebrook 7H10 agar with Middlebrook OADC enrichment",Temperature: 37Celsius Atmosphere: Aerobic,Frozen: -80Celsius  or colderFreeze-Dried: 2Celsius  to 8Celsius Live Culture: See Propagation Section,NA,NA,NA,https://www.atcc.org/~/ps/11727-B1.ashx
Staphylococcus aureus subsp. aureus bacteriophage 187 (ATCC 27709-B1),$550.00,$467.50,NA,187,187,1,freeze-dried,ATCC  1831: Nutrient Broth/Agar w/ 400ug/ml Calcium Chloride,Temperature: 37Celsius Atmosphere: Aerobic,Store filtrate at 4Celsius .  Storage at 20Celsius  may cause inactivation of the phage.,NA,NA,NA,https://www.atcc.org/~/ps/27709-B1.ashx
Lactococcus lactis subsp. lactis bacteriophage F-68 (ATCC 11955-B1),$550.00,$467.50,NA,F-68,F-68,1,frozen,ATCC  33: Tomato juice agar,Temperature: 37Celsius Atmosphere: Aerobic,Frozen: -80Celsius  or colderFreeze-Dried: 2Celsius  to 8Celsius Live Culture: See Propagation Section,NA,NA,NA,https://www.atcc.org/~/ps/11955-B1.ashx
Vibrio cholerae bacteriophage N-4 (ATCC 51352-B1),$550.00,$467.50,NA,N-4,N-4,1,freeze-dried,ATCC  129: Nutrient agar/stabs/broth with 0.5% NaCl,Temperature: 37Celsius Atmosphere: Aerobic,Frozen: -80Celsius  or colderFreeze-Dried: 2Celsius  to 8Celsius Live Culture: See Propagation Section,NA,NA,NA,https://www.atcc.org/~/ps/51352-B1.ashx
Staphylococcus aureus subsp. aureus bacteriophage CDC 42D (ATCC 27712-B1),$550.00,$467.50,NA,CDC 42D,CDC 42D,1,freeze-dried,ATCC  1831: Nutrient Broth/Agar w/ 400ug/ml Calcium Chloride,Temperature: 37Celsius Atmosphere: Aerobic,Store filtrate at 4Celsius .  Storage at 20Celsius  may cause inactivation of the phage.,NA,NA,NA,https://www.atcc.org/~/ps/27712-B1.ashx
Staphylococcus aureus subsp. aureus bacteriophage 85 (ATCC 27708-B1),"For-Profit:
$550.00",,NA,85,85,1,freeze-dried,ATCC  1831: Nutrient Broth/Agar w/ 400ug/ml Calcium Chloride,Temperature: 37Celsius Atmosphere: Aerobic,Store filtrate at 4Celsius . Storage at 20Celsius  may cause inactivation of the phage.,NA,NA,NA,https://www.atcc.org/~/ps/27708-B1.ashx
Lactococcus lactis subsp. cremoris bacteriophage hp (ATCC 11602-B1),$550.00,$467.50,NA,hp,HP,1,frozen,ATCC  33: Tomato juice agar,"Temperature: 37Celsius 
Atmosphere: Aerobic",Frozen: -80Celsius  or colderFreeze-Dried: 2Celsius  to 8Celsius Live Culture: See Propagation Section,NA,NA,NA,https://www.atcc.org/~/ps/11602-B1.ashx
Streptococcus pyogenes bacteriophage A25 (ATCC 12204-B1),$550.00,$467.50,NA,A25,A25,1,NA,ATCC  235: Todd-Hewitt broth,Temperature: 37Celsius Atmosphere: Aerobic,Frozen: -80Celsius  or colderFreeze-Dried: 2Celsius  to 8Celsius Live Culture: See Propagation Section,NA,NA,NA,https://www.atcc.org/~/ps/12204-B1.ashx
Escherichia coli bacteriophage S13 (ATCC 13706-B5),"For-Profit:
$251.00",,NA,S13,S13,1,freeze-dried,ATCC  129: Nutrient agar/stabs/broth with 0.5% NaCl,Temperature: 37Celsius Atmosphere: Aerobic,Frozen: -80Celsius  or colderFreeze-Dried: 2Celsius  to 8Celsius Live Culture: See Propagation Section,NA,NA,NA,https://www.atcc.org/~/ps/13706-B5.ashx
Erwinia amylovora bacteriophage phi Ea116C (ATCC 29780-B6),$550.00,$467.50,NA,Erwinia amylovora phage,Phi Ea116C,1,freeze-dried,ATCC  272: Nutrient glucose medium,Temperature: 26.0Celsius Atmosphere: Aerobic,NA,NA,NA,NA,https://www.atcc.org/~/ps/29780-B6.ashx
Escherichia coli bacteriophage R17 (ATCC 25868-B1),$550.00,$467.50,NA,R 17,R 17,1,freeze-dried,NA,NA,NA,NA,NA,NA,https://www.atcc.org/~/ps/25868-B1.ashx
Xanthomonas citri subsp. malvacearum bacteriophage A (ATCC 14981-B1),"For-Profit:
$550.00",,NA,A,IMI strain A,1,freeze-dried,ATCC  268: Peptone sucrose broth,Temperature: 26Celsius Atmosphere: Aerobic,Frozen: -80Celsius  or colderFreeze-Dried: 2Celsius  to 8Celsius Live Culture: See Propagation Section,NA,NA,NA,https://www.atcc.org/~/ps/14981-B1.ashx
Escherichia coli bacteriophage f1 (ATCC 15766-B2),$550.00,$467.50,NA,f1 bacteriophage,f1,1,freeze-dried,"ATCC  275: Tryptone broth, 1% with 0.05 M CaCl2",Temperature: 37Celsius Atmosphere: Aerobic,Frozen: -80Celsius  or colderFreeze-Dried: 2Celsius  to 8Celsius Live Culture: See Propagation Section,NA,NA,NA,https://www.atcc.org/~/ps/15766-B2.ashx
Escherichia coli bacteriophage If1 (ATCC 27065-B1),$550.00,$467.50,NA,If1,If1,1,frozen,NA,NA,NA,NA,NA,NA,https://www.atcc.org/~/ps/27065-B1.ashx
Erwinia amylovora bacteriophage phi Ea125 (ATCC 29780-B3),$550.00,$467.50,NA,Erwinia amylovora phage,Phi Ea125,1,freeze-dried,ATCC  272: Nutrient glucose medium,Temperature: 26.0Celsius Atmosphere: Aerobic,NA,NA,NA,NA,https://www.atcc.org/~/ps/29780-B3.ashx
Vibrio cholerae bacteriophage D-10 (ATCC 51352-B5),"For-Profit:
$550.00",,NA,D-10,D-10,1,freeze-dried,ATCC  129: Nutrient agar/stabs/broth with 0.5% NaCl,Temperature: 37Celsius Atmosphere: Aerobic,Frozen: -80Celsius  or colderFreeze-Dried: 2Celsius  to 8Celsius Live Culture: See Propagation Section,NA,NA,NA,https://www.atcc.org/~/ps/51352-B5.ashx
Corynebacterium sp. bacteriophage DLC 2921/49 (ATCC 12052-B1),$550.00,$467.50,NA,DLC 2921/49,DLC 2921/49,1,frozen,ATCC  44: Brain Heart Infusion Agar/Broth,"Temperature: 37Celsius 
Atmosphere: Aerobic",Frozen: -80Celsius  or colderFreeze-Dried: 2Celsius  to 8Celsius Live Culture: See Propagation Section,NA,NA,NA,https://www.atcc.org/~/ps/12052-B1.ashx
